date,재배지역_평균기온,재배지역_평균운량,재배지역_일강수량,재배지역_일교차
2016-01-01,0.3,1.11,0.0,12.05
2016-01-02,3.61,1.31,0.0,13.11
2016-01-03,4.66,1.54,0.0,13.8
2016-01-04,4.72,0.92,0.0,10.44
2016-01-05,0.14,0.68,0.0,7.07
2016-01-06,0.36,1.13,0.0,10.43
2016-01-07,0.61,0.29,0.0,6.44
2016-01-08,-0.28,0.41,0.0,7.64
2016-01-09,0.86,0.9,0.0,9.0
2016-01-10,1.69,0.64,0.0,9.89
2016-01-11,-0.69,0.31,0.0,9.01
2016-01-12,-2.34,0.33,0.0,11.16
2016-01-13,-1.49,1.09,0.86,6.79
2016-01-14,-1.68,0.72,0.16,9.12
2016-01-15,-0.5,0.51,0.04,12.05
2016-01-16,0.92,1.52,0.04,11.61
2016-01-17,1.17,1.33,2.63,6.23
2016-01-18,-2.19,1.05,0.86,9.65
2016-01-19,-7.77,0.08,0.28,4.76
2016-01-20,-7.1,0.53,0.0,8.24
2016-01-21,-5.02,0.88,0.0,7.78
2016-01-22,-4.63,1.05,0.0,10.59
2016-01-23,-7.38,0.84,0.0,7.56
2016-01-24,-11.31,0.0,2.18,6.21
2016-01-25,-7.09,0.2,0.0,13.45
2016-01-26,-2.23,1.13,0.16,10.45
2016-01-27,-0.1,0.53,0.0,11.54
2016-01-28,-0.07,1.41,3.92,9.0
2016-01-29,2.24,1.43,6.16,3.93
2016-01-30,2.37,0.68,0.0,8.99
2016-01-31,-0.84,0.82,0.0,6.05
2016-02-01,-3.15,0.18,0.0,7.64
2016-02-02,-3.67,0.0,0.0,12.11
2016-02-03,-2.3,0.47,0.0,14.07
2016-02-04,-0.35,0.78,0.0,12.33
2016-02-05,-0.86,0.57,0.0,11.37
2016-02-06,-1.52,0.0,0.06,9.76
2016-02-07,-2.57,0.23,0.0,14.36
2016-02-08,1.7,1.25,0.0,14.75
2016-02-09,2.17,0.16,0.0,10.38
2016-02-10,1.92,0.0,0.0,18.05
2016-02-11,6.64,1.29,0.11,16.57
2016-02-12,9.98,2.05,20.71,5.8
2016-02-13,12.67,2.05,7.94,9.44
2016-02-14,0.54,1.72,0.4,13.62
2016-02-15,-3.15,0.49,0.02,6.63
2016-02-16,-0.47,0.84,0.69,7.75
2016-02-17,0.87,0.06,0.14,10.86
2016-02-18,2.57,0.88,0.0,13.82
2016-02-19,3.62,1.54,0.0,10.4
2016-02-20,3.07,0.41,0.0,11.05
2016-02-21,0.48,0.57,0.0,10.6
2016-02-22,2.47,1.95,0.02,8.34
2016-02-23,2.89,1.11,0.06,10.59
2016-02-24,-1.32,0.0,0.0,8.66
2016-02-25,-0.16,0.62,0.0,13.11
2016-02-26,1.89,0.98,1.24,8.76
2016-02-27,4.99,1.54,1.57,10.52
2016-02-28,3.89,1.33,6.66,12.61
2016-02-29,-2.04,0.51,1.07,6.23
2016-03-01,-1.63,0.39,0.0,12.22
2016-03-02,2.5,1.35,0.0,16.35
2016-03-03,6.47,1.23,0.0,18.24
2016-03-04,9.11,1.35,14.28,8.26
2016-03-05,12.46,1.8,36.0,7.03
2016-03-06,10.96,0.88,0.37,11.67
2016-03-07,9.71,1.64,0.0,14.04
2016-03-08,6.19,1.74,1.3,6.87
2016-03-09,3.55,0.84,0.0,8.52
2016-03-10,1.06,0.47,0.0,7.7
2016-03-11,0.5,0.02,0.0,9.93
2016-03-12,2.45,1.19,0.0,14.26
2016-03-13,3.91,1.52,0.0,8.36
2016-03-14,4.1,0.74,0.0,11.45
2016-03-15,5.96,0.82,0.0,17.67
2016-03-16,8.44,0.57,0.0,14.01
2016-03-17,9.61,1.29,0.0,20.09
2016-03-18,11.18,1.05,6.4,6.41
2016-03-19,10.57,0.0,0.0,12.97
2016-03-20,8.88,0.08,0.0,12.77
2016-03-21,9.06,0.0,0.0,14.56
2016-03-22,9.22,0.82,0.0,17.15
2016-03-23,8.89,0.82,0.0,10.49
2016-03-24,6.56,0.08,0.1,12.71
2016-03-25,6.06,0.29,0.13,11.41
2016-03-26,5.7,0.2,0.0,13.41
2016-03-27,7.02,0.18,0.0,14.24
2016-03-28,8.99,0.16,0.0,19.07
2016-03-29,11.18,1.39,0.0,15.12
2016-03-30,13.1,0.64,0.0,15.77
2016-03-31,12.37,0.98,0.0,17.58
2016-04-01,14.03,0.53,0.0,21.19
2016-04-02,14.81,0.57,0.0,17.97
2016-04-03,12.06,1.72,10.89,6.16
2016-04-04,11.57,0.84,1.62,6.76
2016-04-05,11.87,0.29,0.0,15.26
2016-04-06,12.57,1.5,18.22,17.14
2016-04-07,12.7,1.29,24.9,9.21
2016-04-08,13.92,1.21,0.0,15.34
2016-04-09,15.17,1.64,0.0,15.8
2016-04-10,15.03,1.19,0.98,15.69
2016-04-11,12.18,0.06,0.0,9.96
2016-04-12,13.77,1.31,0.09,13.49
2016-04-13,14.62,1.15,9.63,6.4
2016-04-14,15.18,0.74,0.0,12.63
2016-04-15,14.58,0.51,0.0,17.95
2016-04-16,14.68,1.56,14.44,12.64
2016-04-17,12.83,1.15,9.62,8.12
2016-04-18,13.19,0.88,0.83,11.24
2016-04-19,12.71,1.15,0.0,13.34
2016-04-20,14.33,1.82,0.11,13.11
2016-04-21,13.71,1.91,28.85,6.28
2016-04-22,17.39,1.6,0.0,14.82
2016-04-23,16.02,1.54,0.0,9.6
2016-04-24,15.24,0.59,0.0,16.74
2016-04-25,16.41,0.2,0.0,18.85
2016-04-26,18.51,1.25,1.21,19.0
2016-04-27,13.04,2.01,24.44,5.35
2016-04-28,14.51,1.09,2.59,10.48
2016-04-29,14.64,0.27,0.0,13.95
2016-04-30,16.41,1.05,0.0,17.94
2016-05-01,18.09,0.9,0.0,18.59
2016-05-02,19.11,1.52,5.47,15.51
2016-05-03,15.31,2.03,14.93,8.43
2016-05-04,16.94,0.27,0.03,11.13
2016-05-05,18.44,0.82,0.66,19.19
2016-05-06,19.61,1.84,0.25,8.9
2016-05-07,16.99,0.59,0.0,12.6
2016-05-08,17.86,1.02,0.0,17.64
2016-05-09,18.62,1.64,0.0,10.03
2016-05-10,14.26,1.97,21.86,5.32
2016-05-11,16.64,0.41,1.25,11.33
2016-05-12,18.16,0.74,0.0,14.56
2016-05-13,16.95,0.72,0.0,10.6
2016-05-14,18.52,1.05,0.0,14.48
2016-05-15,18.76,1.7,12.86,12.56
2016-05-16,14.74,0.68,11.07,12.13
2016-05-17,17.53,0.0,0.0,20.24
2016-05-18,20.74,0.27,0.0,20.11
2016-05-19,20.74,0.0,0.0,17.51
2016-05-20,20.75,0.39,0.0,18.16
2016-05-21,20.63,0.82,0.0,16.03
2016-05-22,20.75,0.98,0.0,17.38
2016-05-23,21.68,1.52,0.0,16.42
2016-05-24,17.9,1.33,20.48,7.86
2016-05-25,19.05,1.54,0.0,13.75
2016-05-26,20.68,1.52,0.0,12.44
2016-05-27,22.62,1.56,0.0,11.82
2016-05-28,21.12,0.53,0.02,11.37
2016-05-29,20.35,0.84,0.73,11.26
2016-05-30,22.12,0.0,0.0,14.86
2016-05-31,21.8,0.74,0.0,13.7
2016-06-01,21.8,0.53,0.0,11.91
2016-06-02,21.37,0.16,0.0,15.74
2016-06-03,22.01,0.88,0.0,14.73
2016-06-04,19.15,1.8,3.91,5.91
2016-06-05,21.89,0.64,0.0,14.57
2016-06-06,19.54,1.66,0.47,4.67
2016-06-07,21.84,1.02,0.15,9.04
2016-06-08,21.54,0.92,0.43,7.35
2016-06-09,23.1,0.8,0.0,12.71
2016-06-10,23.8,0.7,0.0,12.48
2016-06-11,23.93,1.62,5.54,9.87
2016-06-12,23.07,1.76,0.2,5.94
2016-06-13,23.77,0.98,0.0,10.09
2016-06-14,23.41,1.43,0.0,10.83
2016-06-15,21.76,1.93,12.87,7.51
2016-06-16,22.15,0.98,0.15,7.5
2016-06-17,23.3,0.39,0.0,13.18
2016-06-18,24.3,0.23,0.11,13.35
2016-06-19,24.88,0.9,0.08,10.63
2016-06-20,23.63,1.41,2.6,11.28
2016-06-21,24.34,1.33,0.73,8.81
2016-06-22,23.41,1.35,1.76,6.44
2016-06-23,25.33,1.35,0.14,11.07
2016-06-24,22.04,1.62,23.79,5.86
2016-06-25,22.9,0.49,0.0,9.39
2016-06-26,23.2,0.23,0.0,12.81
2016-06-27,22.5,1.25,0.0,10.56
2016-06-28,23.04,1.19,0.06,10.26
2016-06-29,23.35,1.56,0.08,7.78
2016-06-30,24.47,1.97,1.31,9.67
2016-07-01,24.5,2.03,54.33,6.17
2016-07-02,23.76,1.7,30.38,5.71
2016-07-03,22.27,1.52,24.55,4.61
2016-07-04,22.74,1.95,35.5,4.65
2016-07-05,26.41,2.05,24.45,8.19
2016-07-06,24.45,1.7,82.81,5.6
2016-07-07,24.79,1.7,3.89,10.19
2016-07-08,25.72,0.41,0.07,11.75
2016-07-09,27.1,0.62,0.0,11.73
2016-07-10,26.6,1.35,0.0,10.35
2016-07-11,26.02,1.64,1.53,7.86
2016-07-12,25.36,1.64,3.53,6.37
2016-07-13,26.02,1.25,0.03,8.31
2016-07-14,25.67,1.39,0.04,9.11
2016-07-15,25.27,1.82,0.34,8.56
2016-07-16,21.95,2.05,23.11,3.36
2016-07-17,23.64,2.03,0.7,6.77
2016-07-18,23.76,1.05,0.0,9.87
2016-07-19,25.49,0.68,1.57,11.94
2016-07-20,26.15,1.09,0.0,8.91
2016-07-21,25.84,1.62,0.0,8.95
2016-07-22,26.91,1.35,0.0,10.25
2016-07-23,27.28,1.6,0.02,10.44
2016-07-24,28.13,1.84,0.0,9.87
2016-07-25,28.41,1.21,0.76,7.84
2016-07-26,28.64,1.19,0.0,9.63
2016-07-27,28.29,1.84,1.46,9.15
2016-07-28,28.47,1.15,2.67,9.15
2016-07-29,27.72,1.97,14.18,9.89
2016-07-30,28.85,1.29,10.58,9.35
2016-07-31,28.63,1.09,2.14,10.14
2016-08-01,28.23,1.5,0.81,9.91
2016-08-02,26.71,1.72,1.54,7.85
2016-08-03,26.79,1.13,3.38,10.25
2016-08-04,28.24,0.47,0.31,10.66
2016-08-05,28.64,0.31,0.0,10.87
2016-08-06,28.49,0.39,0.0,11.14
2016-08-07,28.27,0.27,8.52,11.46
2016-08-08,27.78,0.59,32.84,11.86
2016-08-09,27.72,0.7,0.76,9.71
2016-08-10,28.75,0.8,0.0,10.46
2016-08-11,29.47,0.18,0.0,12.0
2016-08-12,29.55,0.68,0.0,11.75
2016-08-13,29.45,0.98,0.0,11.13
2016-08-14,29.28,1.23,2.0,10.3
2016-08-15,28.49,1.35,0.0,9.24
2016-08-16,28.48,0.7,0.0,9.51
2016-08-17,28.31,0.9,0.15,10.91
2016-08-18,28.41,1.5,2.43,10.58
2016-08-19,28.75,1.56,0.0,10.99
2016-08-20,28.61,1.35,0.0,11.19
2016-08-21,28.56,1.13,0.0,12.67
2016-08-22,28.63,0.68,0.0,12.57
2016-08-23,27.76,1.46,4.8,8.77
2016-08-24,28.11,1.09,0.0,11.28
2016-08-25,27.35,1.13,0.0,14.2
2016-08-26,21.37,1.19,12.31,7.96
2016-08-27,22.18,0.98,0.2,10.25
2016-08-28,19.45,1.62,19.27,5.2
2016-08-29,20.67,1.02,0.01,10.59
2016-08-30,20.38,1.25,0.47,9.01
2016-08-31,21.87,1.91,15.5,7.98
2016-09-01,25.21,0.84,0.2,10.13
2016-09-02,20.94,1.5,28.68,5.57
2016-09-03,23.44,1.23,2.74,8.75
2016-09-04,25.34,1.62,6.08,8.84
2016-09-05,24.9,0.88,1.1,7.86
2016-09-06,23.41,1.41,0.0,7.74
2016-09-07,22.95,1.41,0.84,9.09
2016-09-08,22.42,1.8,6.76,11.03
2016-09-09,22.78,1.23,0.39,10.56
2016-09-10,22.31,1.35,2.36,9.75
2016-09-11,22.59,1.6,0.57,8.09
2016-09-12,21.83,0.9,5.02,7.49
2016-09-13,22.33,1.15,0.0,11.89
2016-09-14,22.65,1.21,0.0,10.04
2016-09-15,22.7,1.84,0.0,10.89
2016-09-16,21.72,1.93,6.8,4.68
2016-09-17,20.21,1.46,95.62,3.27
2016-09-18,20.03,1.43,4.67,4.13
2016-09-19,20.22,0.68,0.01,5.99
2016-09-20,18.99,0.1,0.0,10.78
2016-09-21,18.33,1.19,0.0,11.98
2016-09-22,19.42,0.84,0.0,8.65
2016-09-23,20.21,0.29,0.0,11.96
2016-09-24,20.65,0.53,0.0,12.34
2016-09-25,20.54,1.64,0.0,10.53
2016-09-26,21.63,1.7,1.68,8.17
2016-09-27,23.36,2.03,8.84,7.89
2016-09-28,21.49,2.01,2.6,5.01
2016-09-29,19.21,1.82,1.11,4.25
2016-09-30,17.57,1.87,10.89,3.02
2016-10-01,18.78,1.66,2.74,5.42
2016-10-02,21.22,1.97,4.08,6.93
2016-10-03,22.64,0.94,12.14,7.24
2016-10-04,21.59,0.31,0.03,11.43
2016-10-05,19.19,0.78,50.42,7.32
2016-10-06,17.99,0.37,0.0,11.1
2016-10-07,17.59,1.7,10.26,9.63
2016-10-08,16.9,1.15,34.15,8.52
2016-10-09,12.42,0.49,0.0,9.33
2016-10-10,13.03,0.94,0.0,11.72
2016-10-11,14.2,0.84,0.0,10.7
2016-10-12,14.74,1.11,0.0,11.35
2016-10-13,14.05,1.02,0.0,9.88
2016-10-14,14.48,0.0,0.0,15.62
2016-10-15,15.86,0.8,0.0,14.98
2016-10-16,15.42,1.91,26.89,4.22
2016-10-17,17.43,1.33,0.57,9.35
2016-10-18,16.05,0.9,0.0,10.77
2016-10-19,16.25,0.16,0.0,11.35
2016-10-20,16.64,0.59,0.0,11.86
2016-10-21,16.77,2.01,0.0,3.52
2016-10-22,16.8,1.66,0.0,7.21
2016-10-23,14.34,1.72,1.17,5.72
2016-10-24,14.8,1.0,0.03,9.67
2016-10-25,14.63,1.31,12.5,8.01
2016-10-26,13.16,0.88,0.0,8.4
2016-10-27,13.7,1.31,0.0,10.84
2016-10-28,13.75,1.7,4.64,3.92
2016-10-29,10.26,1.41,0.0,7.53
2016-10-30,7.62,0.16,0.0,13.26
2016-10-31,7.72,1.6,0.06,7.42
2016-11-01,4.14,0.0,0.0,9.35
2016-11-02,4.59,0.49,0.14,13.61
2016-11-03,7.17,0.84,0.11,12.98
2016-11-04,8.42,1.33,0.0,15.55
2016-11-05,11.78,1.46,0.0,15.27
2016-11-06,12.38,1.46,0.0,9.02
2016-11-07,13.43,1.8,0.89,9.71
2016-11-08,7.87,0.57,1.23,10.01
2016-11-09,3.7,0.41,0.0,12.6
2016-11-10,7.18,1.84,1.57,10.36
2016-11-11,8.58,0.7,0.89,11.12
2016-11-12,8.33,0.62,0.0,16.76
2016-11-13,11.04,1.62,0.16,13.1
2016-11-14,13.69,1.52,0.67,9.3
2016-11-15,9.23,0.0,0.0,12.56
2016-11-16,5.69,0.27,0.0,15.37
2016-11-17,8.66,0.47,0.0,13.92
2016-11-18,8.84,1.13,5.89,12.36
2016-11-19,12.82,2.03,0.87,4.77
2016-11-20,12.25,0.33,0.0,12.0
2016-11-21,10.32,1.39,0.07,9.27
2016-11-22,6.07,1.5,0.15,8.74
2016-11-23,2.57,0.88,0.0,9.32
2016-11-24,0.32,0.0,0.0,8.34
2016-11-25,1.7,0.8,0.0,11.52
2016-11-26,-0.18,1.52,3.47,6.46
2016-11-27,2.46,1.39,0.1,6.52
2016-11-28,3.02,0.0,0.0,9.55
2016-11-29,2.22,0.0,0.0,13.0
2016-11-30,5.18,1.7,1.84,10.39
2016-12-01,5.62,0.37,0.35,11.15
2016-12-02,2.08,0.0,0.0,13.3
2016-12-03,2.64,0.51,0.0,15.8
2016-12-04,3.63,1.66,0.0,9.21
2016-12-05,7.53,1.62,0.1,12.23
2016-12-06,1.22,0.0,0.0,10.63
2016-12-07,-0.72,1.02,0.19,10.04
2016-12-08,2.33,1.25,0.95,12.78
2016-12-09,4.03,0.62,1.72,10.2
2016-12-10,0.14,0.0,0.0,12.82
2016-12-11,-0.98,0.08,0.0,14.59
2016-12-12,2.87,1.41,0.0,13.75
2016-12-13,5.09,1.13,0.0,9.09
2016-12-14,0.8,1.41,0.0,6.98
2016-12-15,-1.47,0.0,0.0,7.6
2016-12-16,-2.25,0.53,0.0,10.23
2016-12-17,2.73,1.21,0.0,12.68
2016-12-18,2.81,1.54,0.0,12.58
2016-12-19,6.47,1.6,3.08,6.31
2016-12-20,6.9,0.53,0.0,10.32
2016-12-21,6.87,1.64,12.48,9.47
2016-12-22,8.07,2.05,11.24,11.18
2016-12-23,1.26,1.93,1.3,4.64
2016-12-24,-0.3,1.23,0.0,5.94
2016-12-25,1.85,0.94,0.0,13.38
2016-12-26,4.01,1.82,9.6,3.3
2016-12-27,0.99,0.59,0.06,8.54
2016-12-28,-2.19,0.31,0.0,12.69
2016-12-29,-2.13,0.29,0.32,7.37
2016-12-30,-2.36,0.8,0.0,12.62
2016-12-31,0.28,1.35,0.0,10.17
2017-01-01,1.99,1.43,0.0,13.07
2017-01-02,4.09,1.41,0.24,11.68
2017-01-03,2.61,0.1,0.0,12.09
2017-01-04,2.38,0.49,0.0,13.72
2017-01-05,3.89,1.72,0.03,10.99
2017-01-06,5.28,0.7,0.0,10.74
2017-01-07,3.09,0.88,0.0,11.46
2017-01-08,7.6,1.52,0.08,9.45
2017-01-09,3.99,0.82,0.2,8.95
2017-01-10,0.1,0.23,0.0,8.4
2017-01-11,-2.13,0.31,0.0,10.03
2017-01-12,0.07,0.82,0.45,10.1
2017-01-13,-3.05,0.47,0.46,9.82
2017-01-14,-5.2,0.0,0.0,5.97
2017-01-15,-5.48,0.0,0.0,12.64
2017-01-16,-4.05,0.0,0.0,14.83
2017-01-17,-2.85,0.84,0.0,14.29
2017-01-18,-0.3,0.94,0.0,11.5
2017-01-19,-0.52,0.9,0.0,13.14
2017-01-20,-2.4,0.88,3.51,6.15
2017-01-21,-3.3,1.21,0.47,11.87
2017-01-22,-4.2,0.0,0.78,7.26
2017-01-23,-6.69,0.0,0.0,9.34
2017-01-24,-5.39,0.0,0.0,12.87
2017-01-25,-4.45,0.0,0.0,13.88
2017-01-26,-2.2,1.15,0.0,17.48
2017-01-27,0.92,0.37,1.24,9.99
2017-01-28,0.15,1.19,0.0,16.79
2017-01-29,2.75,2.05,3.7,4.38
2017-01-30,-1.47,0.62,0.3,9.33
2017-01-31,-3.27,0.82,0.0,13.4
2017-02-01,-1.49,0.18,0.0,9.95
2017-02-02,-1.44,0.62,0.0,14.42
2017-02-03,1.39,0.37,0.0,13.37
2017-02-04,3.75,1.5,0.27,13.63
2017-02-05,3.55,1.5,1.69,5.85
2017-02-06,0.57,0.02,0.03,7.49
2017-02-07,-0.25,1.15,0.0,10.83
2017-02-08,0.2,1.31,0.08,9.3
2017-02-09,-2.51,0.41,0.17,5.93
2017-02-10,-4.21,0.2,0.25,6.37
2017-02-11,-2.94,0.12,0.03,8.94
2017-02-12,-0.95,0.02,0.03,12.26
2017-02-13,0.57,0.74,0.48,13.79
2017-02-14,1.4,0.0,0.0,11.05
2017-02-15,1.77,0.0,0.0,18.1
2017-02-16,6.25,1.21,2.01,20.66
2017-02-17,5.04,0.78,1.54,13.66
2017-02-18,-0.77,0.06,0.0,10.21
2017-02-19,2.87,1.41,1.89,16.02
2017-02-20,2.51,0.47,10.31,12.77
2017-02-21,0.62,0.74,0.0,16.04
2017-02-22,3.47,1.97,20.18,4.18
2017-02-23,0.83,0.39,0.0,7.64
2017-02-24,0.19,0.53,0.0,11.26
2017-02-25,2.51,0.23,0.0,13.28
2017-02-26,3.0,0.29,0.0,13.73
2017-02-27,3.33,0.0,0.0,15.44
2017-02-28,4.3,0.18,0.0,17.2
2017-03-01,5.58,1.91,2.59,13.25
2017-03-02,2.65,0.72,1.53,8.22
2017-03-03,3.45,0.47,0.0,16.58
2017-03-04,5.5,0.0,0.0,16.26
2017-03-05,5.86,1.21,0.27,15.6
2017-03-06,2.44,0.23,0.04,9.01
2017-03-07,-0.39,0.43,0.56,7.37
2017-03-08,1.05,0.64,0.11,9.7
2017-03-09,4.8,0.08,0.0,13.61
2017-03-10,5.09,0.02,0.0,15.25
2017-03-11,6.27,0.68,0.0,20.43
2017-03-12,8.18,1.76,0.0,18.23
2017-03-13,8.12,0.7,0.0,12.84
2017-03-14,5.82,0.0,0.0,11.66
2017-03-15,4.85,0.0,0.0,16.11
2017-03-16,5.53,0.51,0.0,15.59
2017-03-17,6.96,0.2,0.0,18.41
2017-03-18,8.06,0.7,0.0,15.91
2017-03-19,9.17,0.1,0.0,19.4
2017-03-20,7.53,1.66,3.06,12.55
2017-03-21,7.49,0.41,1.17,10.76
2017-03-22,6.96,0.9,0.0,15.55
2017-03-23,8.8,0.78,0.0,12.36
2017-03-24,8.08,1.46,0.01,13.12
2017-03-25,6.08,1.23,9.97,6.15
2017-03-26,5.71,1.72,0.34,8.01
2017-03-27,5.3,1.13,1.4,9.67
2017-03-28,7.02,1.6,0.56,14.73
2017-03-29,8.18,0.74,1.1,10.37
2017-03-30,10.69,1.05,0.0,16.96
2017-03-31,9.23,1.82,2.91,6.62
2017-04-01,7.81,1.09,3.14,9.24
2017-04-02,8.33,0.12,0.0,15.02
2017-04-03,10.84,0.0,0.0,18.99
2017-04-04,13.27,0.94,0.0,20.56
2017-04-05,13.45,2.03,15.31,5.95
2017-04-06,13.68,1.97,7.84,6.97
2017-04-07,14.75,1.15,0.0,16.01
2017-04-08,15.6,1.76,0.02,16.91
2017-04-09,13.99,1.72,0.12,10.02
2017-04-10,14.05,1.11,0.13,12.62
2017-04-11,12.26,0.92,12.09,10.38
2017-04-12,12.07,0.31,0.0,11.58
2017-04-13,12.92,0.64,0.0,17.34
2017-04-14,14.51,1.35,0.12,13.68
2017-04-15,17.39,0.41,0.39,16.51
2017-04-16,18.04,1.5,0.0,19.54
2017-04-17,13.2,1.5,12.96,4.92
2017-04-18,13.45,1.09,3.89,13.53
2017-04-19,12.99,0.33,0.0,12.98
2017-04-20,11.47,1.54,1.59,8.59
2017-04-21,12.79,0.74,0.0,14.19
2017-04-22,13.59,0.1,0.0,15.4
2017-04-23,14.23,0.0,0.0,17.37
2017-04-24,14.96,0.59,0.0,17.86
2017-04-25,16.54,1.62,1.93,13.01
2017-04-26,15.11,0.7,0.85,11.34
2017-04-27,12.81,0.02,0.0,13.49
2017-04-28,14.59,0.33,0.0,19.84
2017-04-29,17.0,0.08,0.0,18.56
2017-04-30,19.35,0.0,0.0,19.25
2017-05-01,18.94,0.27,0.0,15.52
2017-05-02,17.49,0.64,0.0,16.69
2017-05-03,19.17,0.0,0.0,19.64
2017-05-04,19.77,1.43,0.11,15.96
2017-05-05,19.27,1.13,5.39,10.47
2017-05-06,16.27,0.49,0.0,12.77
2017-05-07,16.63,0.27,0.0,17.95
2017-05-08,17.28,1.43,0.0,16.45
2017-05-09,14.93,2.01,10.33,6.99
2017-05-10,15.2,1.23,1.48,7.23
2017-05-11,18.65,1.52,0.76,15.2
2017-05-12,17.66,1.52,0.2,7.9
2017-05-13,17.88,1.13,0.79,14.29
2017-05-14,16.06,0.0,0.0,12.53
2017-05-15,15.98,0.53,0.0,13.51
2017-05-16,16.35,1.29,0.0,12.3
2017-05-17,17.9,0.06,0.0,16.19
2017-05-18,19.61,0.23,0.0,17.09
2017-05-19,20.89,0.0,0.0,18.03
2017-05-20,20.54,1.05,0.0,15.83
2017-05-21,20.31,0.49,0.0,15.33
2017-05-22,21.12,0.57,0.0,16.88
2017-05-23,20.2,1.91,1.46,12.37
2017-05-24,20.16,0.84,2.9,10.05
2017-05-25,19.46,0.16,0.0,15.49
2017-05-26,16.25,0.31,0.0,12.21
2017-05-27,17.92,0.02,0.0,17.39
2017-05-28,20.91,0.16,0.0,18.32
2017-05-29,23.67,0.18,0.0,17.07
2017-05-30,22.7,0.98,0.0,15.39
2017-05-31,21.44,1.25,0.21,13.13
2017-06-01,21.89,0.92,0.0,11.88
2017-06-02,19.84,0.57,0.0,14.9
2017-06-03,19.77,0.37,0.1,10.89
2017-06-04,20.04,0.23,0.0,17.22
2017-06-05,21.2,0.82,0.0,16.87
2017-06-06,17.97,1.97,3.41,6.91
2017-06-07,18.61,1.87,1.62,5.54
2017-06-08,20.13,1.25,0.0,10.94
2017-06-09,21.73,0.98,0.0,14.97
2017-06-10,21.7,1.43,0.1,10.96
2017-06-11,22.31,0.1,0.17,14.2
2017-06-12,20.57,1.02,0.07,10.05
2017-06-13,19.55,1.15,4.26,11.36
2017-06-14,20.59,0.57,0.0,13.69
2017-06-15,22.59,0.27,0.0,14.48
2017-06-16,23.57,0.0,0.0,15.96
2017-06-17,23.81,0.0,0.0,15.52
2017-06-18,24.61,0.0,0.0,17.78
2017-06-19,25.32,1.0,0.0,16.25
2017-06-20,23.57,1.33,0.0,11.05
2017-06-21,24.24,0.7,0.19,12.69
2017-06-22,25.0,0.7,0.0,13.43
2017-06-23,26.07,0.62,0.0,14.61
2017-06-24,24.1,1.91,1.74,10.84
2017-06-25,23.73,1.54,8.2,10.95
2017-06-26,22.63,1.8,9.95,8.51
2017-06-27,23.58,1.43,4.93,9.15
2017-06-28,25.07,1.33,0.03,11.51
2017-06-29,24.63,0.8,0.17,8.87
2017-06-30,25.27,1.52,4.0,9.79
2017-07-01,25.12,1.95,5.37,6.34
2017-07-02,26.24,2.05,24.57,5.68
2017-07-03,25.89,2.05,16.09,6.45
2017-07-04,25.7,1.21,20.93,7.15
2017-07-05,27.18,0.92,0.0,10.32
2017-07-06,25.99,1.05,5.26,8.77
2017-07-07,26.17,1.72,2.48,5.52
2017-07-08,25.49,2.01,27.43,5.83
2017-07-09,27.03,1.97,9.34,9.82
2017-07-10,27.06,2.05,15.84,4.97
2017-07-11,27.32,1.76,1.05,8.31
2017-07-12,27.66,1.13,0.0,9.83
2017-07-13,27.35,0.39,0.0,11.94
2017-07-14,25.79,1.35,16.29,11.6
2017-07-15,24.35,2.05,41.7,5.13
2017-07-16,26.76,2.05,15.99,7.4
2017-07-17,25.85,2.03,6.39,8.4
2017-07-18,25.83,1.64,1.58,7.72
2017-07-19,28.04,1.39,0.0,10.23
2017-07-20,28.68,0.82,0.0,9.86
2017-07-21,29.32,1.64,1.05,9.56
2017-07-22,28.81,1.91,0.04,8.23
2017-07-23,27.16,2.05,12.99,5.04
2017-07-24,27.7,1.84,5.03,6.43
2017-07-25,27.28,1.19,6.89,7.96
2017-07-26,26.31,0.57,0.0,9.45
2017-07-27,26.05,1.74,0.16,12.57
2017-07-28,26.81,2.03,3.92,9.26
2017-07-29,25.55,1.43,13.57,4.82
2017-07-30,25.94,1.13,0.6,7.54
2017-07-31,24.34,1.97,35.31,4.41
2017-08-01,26.66,1.25,3.6,11.0
2017-08-02,27.45,0.94,0.06,9.09
2017-08-03,27.38,0.82,0.0,9.76
2017-08-04,28.8,0.84,0.0,11.66
2017-08-05,30.04,0.72,0.0,11.55
2017-08-06,29.44,1.43,1.15,11.31
2017-08-07,28.39,0.72,0.7,9.64
2017-08-08,27.36,1.64,0.0,9.2
2017-08-09,25.28,1.97,8.12,4.4
2017-08-10,25.69,1.97,6.88,5.67
2017-08-11,25.98,1.39,2.39,10.13
2017-08-12,25.84,0.94,2.41,9.91
2017-08-13,23.89,1.95,3.71,5.28
2017-08-14,22.38,2.01,50.38,3.4
2017-08-15,22.76,2.05,19.39,3.25
2017-08-16,25.0,1.93,1.95,7.44
2017-08-17,25.11,1.39,4.38,7.76
2017-08-18,25.34,1.15,0.25,9.23
2017-08-19,24.76,1.76,28.07,8.24
2017-08-20,24.73,2.05,31.28,6.03
2017-08-21,24.89,1.6,31.98,7.15
2017-08-22,26.12,0.88,7.81,9.27
2017-08-23,27.56,1.8,7.35,9.76
2017-08-24,27.7,1.87,10.35,7.52
2017-08-25,25.94,1.19,1.18,10.95
2017-08-26,22.83,0.39,0.0,12.53
2017-08-27,22.4,1.72,0.0,13.49
2017-08-28,23.46,1.87,7.14,10.72
2017-08-29,22.2,1.23,8.05,9.81
2017-08-30,19.11,1.66,0.0,6.41
2017-08-31,20.93,0.29,0.0,13.38
2017-09-01,21.31,0.02,0.0,13.43
2017-09-02,20.36,0.53,0.0,12.12
2017-09-03,21.36,0.64,0.0,13.43
2017-09-04,21.47,1.19,0.0,11.97
2017-09-05,20.27,2.01,0.91,5.16
2017-09-06,20.21,2.05,8.25,6.17
2017-09-07,21.36,1.19,0.13,10.5
2017-09-08,21.97,0.82,0.0,11.14
2017-09-09,21.84,0.88,0.0,12.32
2017-09-10,22.12,1.66,0.0,10.19
2017-09-11,20.06,1.33,51.64,4.7
2017-09-12,21.72,0.08,0.0,11.72
2017-09-13,19.6,0.0,0.0,14.23
2017-09-14,20.14,0.29,0.0,15.58
2017-09-15,20.56,0.68,0.0,9.25
2017-09-16,20.37,0.49,0.0,8.77
2017-09-17,21.89,0.68,0.0,9.44
2017-09-18,20.12,0.18,0.0,12.5
2017-09-19,21.79,1.74,1.6,12.48
2017-09-20,19.37,0.18,0.07,11.45
2017-09-21,17.68,0.06,0.0,15.27
2017-09-22,18.98,0.62,0.0,13.53
2017-09-23,19.62,1.09,0.0,12.36
2017-09-24,20.91,1.29,0.0,12.24
2017-09-25,21.52,0.74,0.0,12.85
2017-09-26,22.16,1.11,0.0,12.93
2017-09-27,19.15,1.8,24.44,6.05
2017-09-28,19.44,0.47,0.0,10.64
2017-09-29,14.82,0.68,0.0,11.92
2017-09-30,15.93,0.53,0.0,18.38
2017-10-01,15.23,1.76,19.26,7.54
2017-10-02,19.47,0.59,12.95,8.01
2017-10-03,18.49,1.13,0.0,9.9
2017-10-04,17.64,1.13,0.06,9.98
2017-10-05,16.9,1.62,0.64,7.36
2017-10-06,16.13,1.64,5.55,5.18
2017-10-07,19.05,1.46,0.01,8.74
2017-10-08,19.86,1.05,0.0,11.49
2017-10-09,20.6,0.88,0.0,12.37
2017-10-10,21.13,1.56,0.02,11.14
2017-10-11,17.49,1.87,5.43,6.94
2017-10-12,12.59,1.43,15.28,4.0
2017-10-13,12.58,0.94,0.01,12.87
2017-10-14,13.85,0.98,0.0,12.65
2017-10-15,14.42,1.11,0.41,9.39
2017-10-16,15.19,1.6,0.0,8.25
2017-10-17,14.39,0.18,0.0,13.22
2017-10-18,15.49,1.84,0.01,5.64
2017-10-19,15.27,0.9,0.19,10.11
2017-10-20,15.07,0.06,0.0,13.13
2017-10-21,14.84,0.0,0.0,14.4
2017-10-22,16.04,0.23,0.0,12.97
2017-10-23,12.58,0.02,0.0,11.28
2017-10-24,11.29,0.62,0.02,11.26
2017-10-25,11.03,0.37,0.0,14.84
2017-10-26,12.09,1.6,0.0,14.22
2017-10-27,14.08,0.47,0.0,12.49
2017-10-28,15.04,0.0,0.0,14.85
2017-10-29,11.92,0.06,0.0,12.58
2017-10-30,6.61,0.0,0.0,12.3
2017-10-31,7.41,0.27,0.0,18.66
2017-11-01,10.69,1.87,0.0,15.5
2017-11-02,12.65,1.56,0.0,12.27
2017-11-03,11.18,0.84,0.62,11.07
2017-11-04,7.52,0.49,0.0,11.24
2017-11-05,6.67,0.41,0.0,16.3
2017-11-06,8.56,1.0,0.0,17.43
2017-11-07,13.08,1.87,0.0,14.92
2017-11-08,13.43,0.64,0.04,13.15
2017-11-09,8.28,0.0,0.0,16.69
2017-11-10,10.57,0.84,2.42,17.41
2017-11-11,6.16,0.0,0.0,11.48
2017-11-12,4.61,0.37,0.0,15.76
2017-11-13,6.86,1.7,1.6,14.12
2017-11-14,8.16,0.23,0.0,11.37
2017-11-15,4.81,0.64,0.04,10.54
2017-11-16,2.84,0.0,0.0,11.66
2017-11-17,4.26,1.5,0.06,13.69
2017-11-18,1.39,0.0,0.0,10.17
2017-11-19,0.5,0.47,0.0,10.38
2017-11-20,3.23,0.7,0.14,10.46
2017-11-21,2.32,0.06,0.0,13.69
2017-11-22,4.12,1.09,0.29,11.03
2017-11-23,1.08,1.0,1.27,9.12
2017-11-24,0.8,0.98,1.96,8.74
2017-11-25,3.75,1.41,2.66,14.55
2017-11-26,5.46,0.43,0.66,12.3
2017-11-27,2.84,0.16,0.0,14.52
2017-11-28,5.76,1.41,0.0,14.24
2017-11-29,6.86,0.94,0.0,9.15
2017-11-30,1.28,0.39,0.0,8.81
2017-12-01,-1.16,0.41,0.0,9.96
2017-12-02,0.6,0.64,0.0,13.39
2017-12-03,3.25,1.84,0.82,14.27
2017-12-04,1.58,0.41,0.24,8.68
2017-12-05,-2.56,0.41,0.0,8.01
2017-12-06,-0.35,1.29,0.8,12.63
2017-12-07,1.6,0.82,0.85,8.94
2017-12-08,-1.64,0.64,0.0,6.94
2017-12-09,-0.09,1.19,0.0,8.83
2017-12-10,2.9,1.35,3.4,9.7
2017-12-11,-3.24,0.02,0.22,8.04
2017-12-12,-6.31,0.0,0.0,8.55
2017-12-13,-5.77,0.0,0.0,10.89
2017-12-14,-4.93,1.13,0.0,14.43
2017-12-15,-1.81,1.41,0.0,13.91
2017-12-16,-1.8,0.02,0.0,7.41
2017-12-17,-4.72,0.27,0.0,10.28
2017-12-18,-0.44,1.35,0.25,14.36
2017-12-19,-1.7,0.06,0.1,10.42
2017-12-20,-1.83,1.35,0.28,13.68
2017-12-21,-1.17,0.2,0.0,11.33
2017-12-22,0.2,1.5,0.0,14.68
2017-12-23,2.0,1.66,0.0,13.79
2017-12-24,3.12,1.5,16.75,7.38
2017-12-25,-0.16,0.43,0.08,6.16
2017-12-26,-0.94,0.41,0.06,8.64
2017-12-27,-4.26,0.0,0.0,8.98
2017-12-28,-1.29,1.6,0.0,11.73
2017-12-29,2.98,1.13,0.0,9.31
2017-12-30,2.11,2.03,0.76,8.42
2017-12-31,1.79,0.37,0.39,8.3
2018-01-01,-0.86,0.18,0.0,11.04
2018-01-02,-0.75,0.84,0.0,11.7
2018-01-03,-1.98,0.47,0.0,8.46
2018-01-04,-1.87,1.23,0.0,7.7
2018-01-05,-0.6,0.51,0.0,7.56
2018-01-06,-0.87,0.0,0.0,11.68
2018-01-07,-1.4,1.46,0.45,11.17
2018-01-08,1.64,2.01,2.43,4.47
2018-01-09,-1.5,1.09,2.26,4.58
2018-01-10,-4.46,0.29,2.27,7.64
2018-01-11,-8.96,0.12,0.03,7.71
2018-01-12,-9.19,0.51,0.0,10.29
2018-01-13,-3.64,1.46,0.18,12.11
2018-01-14,-1.44,1.05,0.0,14.66
2018-01-15,3.24,1.09,0.08,12.7
2018-01-16,3.01,1.95,7.39,10.02
2018-01-17,3.65,1.7,6.81,5.97
2018-01-18,3.4,1.56,0.0,9.1
2018-01-19,0.56,0.7,0.0,10.58
2018-01-20,0.04,1.0,0.0,13.33
2018-01-21,0.72,0.43,0.0,12.45
2018-01-22,2.8,1.7,1.86,9.01
2018-01-23,-6.43,0.02,0.0,9.84
2018-01-24,-10.51,0.0,0.0,6.7
2018-01-25,-9.97,0.62,0.0,8.42
2018-01-26,-10.58,0.0,0.0,9.3
2018-01-27,-7.34,0.33,0.0,16.46
2018-01-28,-2.82,0.72,0.0,7.91
2018-01-29,-6.21,0.1,0.0,8.01
2018-01-30,-5.14,0.92,0.1,13.46
2018-01-31,-1.85,1.46,0.0,11.75
2018-02-01,-2.3,0.0,0.0,12.66
2018-02-02,-3.4,0.39,0.0,14.46
2018-02-03,-4.95,0.31,0.18,6.74
2018-02-04,-7.35,0.0,0.0,7.52
2018-02-05,-7.62,0.0,0.0,9.58
2018-02-06,-7.91,0.16,0.0,8.93
2018-02-07,-7.0,0.2,0.11,14.07
2018-02-08,-4.4,0.02,0.0,17.5
2018-02-09,0.97,1.41,0.0,16.16
2018-02-10,0.87,1.33,0.0,11.54
2018-02-11,-3.85,0.78,1.33,7.5
2018-02-12,-4.65,0.64,0.98,10.08
2018-02-13,-1.62,0.31,0.35,13.11
2018-02-14,3.56,1.29,0.0,17.97
2018-02-15,1.92,0.78,0.0,10.94
2018-02-16,0.82,0.72,0.0,13.01
2018-02-17,-0.3,0.37,0.0,9.39
2018-02-18,0.74,1.31,0.0,12.39
2018-02-19,2.66,1.19,0.0,13.53
2018-02-20,2.26,1.19,0.02,14.61
2018-02-21,0.68,0.51,0.0,9.41
2018-02-22,-0.22,1.0,0.0,14.47
2018-02-23,3.98,1.62,1.48,14.35
2018-02-24,4.32,1.29,0.0,12.87
2018-02-25,3.81,0.53,0.0,12.8
2018-02-26,3.18,0.16,0.0,17.95
2018-02-27,4.95,1.54,0.0,16.78
2018-02-28,5.01,2.05,23.12,7.16
2018-03-01,2.41,1.13,1.15,8.6
2018-03-02,1.3,0.47,0.0,15.12
2018-03-03,7.47,0.88,0.0,19.75
2018-03-04,12.47,2.03,14.05,12.85
2018-03-05,6.77,1.19,13.76,10.56
2018-03-06,5.29,0.49,0.0,13.73
2018-03-07,4.85,1.64,5.78,8.06
2018-03-08,3.06,1.5,16.31,5.27
2018-03-09,3.73,1.21,0.0,7.0
2018-03-10,4.52,0.51,0.0,13.87
2018-03-11,6.7,0.43,0.0,14.41
2018-03-12,7.81,0.2,0.0,19.26
2018-03-13,11.65,1.11,0.0,19.35
2018-03-14,15.05,1.02,0.0,16.99
2018-03-15,13.47,2.03,20.06,5.89
2018-03-16,6.03,0.59,0.9,10.64
2018-03-17,6.22,0.88,0.0,14.45
2018-03-18,7.77,2.03,4.72,11.85
2018-03-19,8.75,2.01,20.52,5.91
2018-03-20,5.55,1.39,0.24,7.6
2018-03-21,1.38,2.05,9.77,2.92
2018-03-22,4.97,0.41,0.01,10.3
2018-03-23,6.05,1.25,0.0,15.24
2018-03-24,8.41,1.05,0.0,15.67
2018-03-25,10.36,0.98,0.0,17.53
2018-03-26,11.45,0.78,0.0,18.05
2018-03-27,13.21,0.23,0.0,18.27
2018-03-28,14.61,0.74,0.0,17.78
2018-03-29,15.42,0.82,0.0,14.06
2018-03-30,14.3,0.31,0.0,12.7
2018-03-31,14.32,0.1,0.0,16.46
2018-04-01,15.43,1.82,0.0,13.23
2018-04-02,17.53,0.9,0.0,14.81
2018-04-03,18.35,1.6,0.0,14.14
2018-04-04,12.79,1.62,12.91,8.31
2018-04-05,8.35,2.05,19.0,2.39
2018-04-06,7.91,1.91,19.73,8.91
2018-04-07,4.74,0.82,0.25,7.28
2018-04-08,7.69,1.25,0.45,14.46
2018-04-09,11.51,0.08,0.0,13.44
2018-04-10,14.91,1.09,0.27,17.98
2018-04-11,15.13,0.8,7.85,12.29
2018-04-12,12.45,0.18,0.0,17.59
2018-04-13,13.01,1.66,0.0,12.99
2018-04-14,9.41,1.93,19.86,5.58
2018-04-15,10.25,0.92,0.0,9.78
2018-04-16,11.2,0.2,0.0,15.68
2018-04-17,12.84,0.2,0.0,14.32
2018-04-18,13.46,0.0,0.0,17.39
2018-04-19,15.02,0.12,0.0,20.64
2018-04-20,18.03,0.0,0.0,22.06
2018-04-21,19.01,0.7,0.0,19.81
2018-04-22,15.67,1.76,3.26,8.93
2018-04-23,11.3,2.05,40.5,3.38
2018-04-24,12.16,1.66,12.1,5.14
2018-04-25,13.75,0.06,0.0,16.76
2018-04-26,14.95,0.82,0.0,17.81
2018-04-27,15.2,0.1,0.0,15.53
2018-04-28,15.63,0.0,0.0,17.09
2018-04-29,16.28,0.49,0.0,20.47
2018-04-30,19.11,0.9,0.0,14.74
2018-05-01,19.95,1.62,0.0,10.1
2018-05-02,16.04,2.03,10.01,10.21
2018-05-03,12.14,0.43,0.08,9.25
2018-05-04,14.02,0.2,0.0,14.63
2018-05-05,17.48,1.13,0.0,20.04
2018-05-06,16.18,1.93,14.69,4.09
2018-05-07,16.92,1.21,16.1,8.6
2018-05-08,15.68,1.02,0.0,8.45
2018-05-09,14.8,0.0,0.0,11.84
2018-05-10,16.11,0.51,0.0,13.42
2018-05-11,16.9,1.95,0.0,15.51
2018-05-12,16.06,2.05,15.95,5.62
2018-05-13,17.68,1.52,3.3,9.15
2018-05-14,19.34,1.11,0.0,16.43
2018-05-15,22.8,1.35,0.01,16.21
2018-05-16,24.0,2.05,5.89,4.83
2018-05-17,24.4,2.05,13.33,6.6
2018-05-18,20.11,1.72,2.72,8.38
2018-05-19,16.6,0.2,0.01,9.74
2018-05-20,16.05,0.82,0.0,13.53
2018-05-21,16.51,0.57,0.0,11.58
2018-05-22,18.21,1.7,8.17,12.86
2018-05-23,18.52,0.37,14.43,11.62
2018-05-24,18.52,0.16,0.0,17.79
2018-05-25,19.35,0.82,0.0,16.07
2018-05-26,20.82,0.2,0.0,17.86
2018-05-27,20.6,1.43,0.0,11.88
2018-05-28,21.41,0.57,0.0,13.35
2018-05-29,22.38,1.91,15.04,11.85
2018-05-30,21.51,1.02,1.2,9.02
2018-05-31,20.13,0.43,0.0,12.06
2018-06-01,22.71,0.0,0.0,17.0
2018-06-02,23.26,0.29,0.0,16.67
2018-06-03,22.59,0.8,0.0,16.34
2018-06-04,22.65,1.54,0.0,13.17
2018-06-05,21.77,0.68,0.07,8.94
2018-06-06,23.01,0.12,0.0,13.75
2018-06-07,23.97,0.78,0.0,13.42
2018-06-08,22.86,1.05,0.0,9.55
2018-06-09,22.1,1.54,0.02,10.68
2018-06-10,20.56,2.01,0.29,6.93
2018-06-11,18.75,1.66,10.11,6.14
2018-06-12,20.24,0.94,5.31,8.99
2018-06-13,21.55,1.5,0.0,10.29
2018-06-14,21.58,1.8,0.7,8.74
2018-06-15,20.6,1.0,0.06,8.89
2018-06-16,20.89,0.16,0.0,12.07
2018-06-17,21.52,1.6,0.0,14.12
2018-06-18,24.35,0.72,0.0,12.98
2018-06-19,21.31,1.72,1.03,6.41
2018-06-20,22.97,1.11,0.0,11.02
2018-06-21,23.15,0.84,0.0,12.58
2018-06-22,24.0,1.15,0.0,15.81
2018-06-23,24.41,1.54,0.0,11.5
2018-06-24,25.53,0.72,0.0,15.62
2018-06-25,26.33,1.5,0.0,15.13
2018-06-26,24.3,2.05,22.89,6.88
2018-06-27,24.61,1.84,84.87,8.69
2018-06-28,23.01,2.01,17.41,3.88
2018-06-29,24.71,1.13,7.54,9.43
2018-06-30,23.56,1.74,4.4,6.17
2018-07-01,22.72,2.03,78.25,6.58
2018-07-02,23.12,2.03,62.27,5.12
2018-07-03,24.76,1.19,4.72,5.85
2018-07-04,26.48,1.35,22.0,10.11
2018-07-05,24.49,1.76,6.16,6.14
2018-07-06,22.55,1.7,1.43,3.93
2018-07-07,22.21,0.8,0.0,8.92
2018-07-08,21.34,1.19,0.0,7.85
2018-07-09,20.33,1.97,6.15,2.46
2018-07-10,24.74,2.03,0.66,9.52
2018-07-11,27.0,1.91,1.27,9.11
2018-07-12,27.76,1.31,0.0,9.58
2018-07-13,28.33,1.09,0.02,9.29
2018-07-14,28.38,0.82,0.0,9.58
2018-07-15,28.79,0.51,0.0,11.24
2018-07-16,28.66,0.0,0.0,11.53
2018-07-17,28.46,0.18,0.0,10.64
2018-07-18,28.52,0.16,0.0,10.94
2018-07-19,28.7,0.06,0.0,11.56
2018-07-20,29.17,0.18,0.0,12.45
2018-07-21,29.67,0.0,0.0,12.25
2018-07-22,29.69,0.74,0.0,10.66
2018-07-23,29.92,1.23,0.0,11.03
2018-07-24,30.24,0.59,0.0,11.51
2018-07-25,30.17,0.94,0.0,9.68
2018-07-26,30.43,0.68,0.0,10.51
2018-07-27,30.99,0.68,0.02,11.3
2018-07-28,29.49,1.19,2.89,10.47
2018-07-29,30.02,0.47,0.0,11.63
2018-07-30,29.89,0.68,0.0,8.03
2018-07-31,29.71,1.9,0.0,11.83
2018-08-01,30.6,1.13,0.0,14.43
2018-08-02,30.85,2.41,0.0,12.97
2018-08-03,30.43,2.94,0.0,11.73
2018-08-04,30.03,3.76,0.0,11.39
2018-08-05,29.91,4.66,0.0,9.81
2018-08-06,29.78,6.65,0.2,10.47
2018-08-07,29.06,5.37,28.52,9.5
2018-08-08,29.79,4.54,0.02,11.41
2018-08-09,29.53,5.56,0.06,10.73
2018-08-10,28.73,6.59,2.54,8.33
2018-08-11,28.06,5.61,0.0,7.62
2018-08-12,28.29,7.18,0.6,10.02
2018-08-13,29.96,5.62,0.0,11.63
2018-08-14,30.55,5.2,0.0,12.5
2018-08-15,30.15,5.44,0.2,13.47
2018-08-16,27.72,7.28,9.13,9.81
2018-08-17,25.08,3.42,0.0,9.2
2018-08-18,24.36,3.85,0.0,12.4
2018-08-19,25.8,5.16,0.0,13.84
2018-08-20,27.19,5.42,0.0,11.16
2018-08-21,27.11,5.08,1.17,12.09
2018-08-22,29.33,5.69,0.0,12.86
2018-08-23,27.27,9.86,16.62,5.21
2018-08-24,25.81,7.15,21.27,6.62
2018-08-25,24.58,8.37,0.22,8.44
2018-08-26,20.97,9.13,102.91,4.78
2018-08-27,22.75,9.64,60.03,4.7
2018-08-28,25.61,8.51,32.56,7.23
2018-08-29,26.88,6.48,1.74,8.97
2018-08-30,25.92,7.51,10.52,5.66
2018-08-31,23.17,8.14,35.03,5.61
2018-09-01,24.24,5.25,0.02,9.0
2018-09-02,22.51,5.68,0.47,7.64
2018-09-03,24.13,9.35,14.69,7.46
2018-09-04,23.68,4.14,41.92,9.75
2018-09-05,22.8,3.1,0.0,11.74
2018-09-06,22.09,7.95,1.41,9.53
2018-09-07,21.33,8.89,3.62,7.48
2018-09-08,19.24,4.1,0.0,10.87
2018-09-09,20.16,1.48,0.0,14.6
2018-09-10,20.95,3.35,0.0,11.1
2018-09-11,19.61,6.2,0.0,10.19
2018-09-12,21.27,6.02,0.0,12.8
2018-09-13,21.15,9.07,0.37,5.72
2018-09-14,21.88,9.0,5.45,5.1
2018-09-15,21.77,8.59,4.98,3.27
2018-09-16,22.59,8.53,0.61,6.78
2018-09-17,21.74,5.43,0.06,10.51
2018-09-18,20.74,3.89,0.0,12.97
2018-09-19,20.49,9.22,0.02,9.55
2018-09-20,19.9,8.57,5.59,3.19
2018-09-21,19.22,9.1,26.6,2.79
2018-09-22,19.94,3.91,0.12,11.86
2018-09-23,18.32,6.74,0.27,12.52
2018-09-24,15.94,5.41,0.0,11.09
2018-09-25,16.19,3.43,0.0,15.96
2018-09-26,17.77,5.28,0.0,9.36
2018-09-27,17.35,1.63,0.0,14.03
2018-09-28,17.06,7.11,0.06,10.88
2018-09-29,19.07,6.87,0.03,9.09
2018-09-30,18.72,2.6,0.0,11.96
2018-10-01,15.56,6.56,1.0,8.08
2018-10-02,15.06,0.95,0.0,12.24
2018-10-03,14.91,1.35,0.0,15.73
2018-10-04,17.83,6.43,0.21,15.32
2018-10-05,17.64,9.98,42.69,3.87
2018-10-06,18.46,7.89,64.72,5.11
2018-10-07,17.02,1.93,0.0,12.37
2018-10-08,14.1,4.78,0.0,12.14
2018-10-09,14.08,9.33,0.0,9.6
2018-10-10,13.2,7.09,1.75,9.71
2018-10-11,9.93,2.53,0.0,11.24
2018-10-12,9.6,0.05,0.0,14.56
2018-10-13,11.05,2.98,0.0,16.11
2018-10-14,12.49,6.08,0.0,14.71
2018-10-15,13.7,3.59,0.0,13.78
2018-10-16,12.45,7.66,0.0,9.91
2018-10-17,11.5,1.72,0.0,13.18
2018-10-18,10.8,3.51,1.16,13.98
2018-10-19,11.69,0.89,0.0,13.95
2018-10-20,10.99,3.04,0.0,16.57
2018-10-21,10.89,2.28,0.0,17.36
2018-10-22,12.08,6.99,0.0,14.37
2018-10-23,12.24,4.11,1.35,11.06
2018-10-24,11.53,0.98,0.0,13.95
2018-10-25,11.35,3.86,0.0,16.89
2018-10-26,11.39,8.52,7.24,5.54
2018-10-27,10.12,4.48,0.58,7.99
2018-10-28,10.44,5.93,6.1,13.48
2018-10-29,8.73,4.37,0.64,9.75
2018-10-30,7.03,1.82,0.0,11.39
2018-10-31,7.23,2.06,0.0,12.44
2018-11-01,6.86,0.37,0.0,16.31
2018-11-02,7.97,0.01,0.0,17.95
2018-11-03,8.63,0.83,0.0,18.28
2018-11-04,9.42,1.79,0.0,18.42
2018-11-05,9.65,3.52,0.0,17.27
2018-11-06,10.65,4.95,0.0,15.91
2018-11-07,12.45,9.49,1.88,6.71
2018-11-08,14.08,9.19,29.16,5.55
2018-11-09,11.72,6.56,0.23,9.11
2018-11-10,9.75,3.44,0.0,13.9
2018-11-11,8.87,7.75,1.43,8.8
2018-11-12,9.02,2.99,0.48,11.76
2018-11-13,7.84,3.47,0.0,13.91
2018-11-14,7.95,2.36,0.0,14.52
2018-11-15,7.78,4.75,0.0,14.95
2018-11-16,8.02,7.67,0.38,9.15
2018-11-17,6.89,3.6,0.0,12.69
2018-11-18,5.65,8.98,0.0,10.18
2018-11-19,6.88,3.59,0.0,12.89
2018-11-20,5.41,1.11,0.0,14.26
2018-11-21,5.16,9.05,1.11,10.77
2018-11-22,3.77,0.52,0.0,10.38
2018-11-23,1.85,1.48,0.0,12.5
2018-11-24,2.45,8.94,4.78,6.88
2018-11-25,4.72,5.63,0.0,9.52
2018-11-26,4.22,2.21,0.0,14.38
2018-11-27,6.41,5.85,0.0,16.05
2018-11-28,5.16,4.29,0.0,12.38
2018-11-29,4.31,3.02,0.0,13.56
2018-11-30,5.03,2.2,0.0,13.43
2018-12-01,4.68,7.11,0.0,11.64
2018-12-02,7.49,6.17,0.0,15.26
2018-12-03,11.86,8.49,6.81,5.85
2018-12-04,10.1,8.34,13.31,9.26
2018-12-05,3.57,6.44,0.0,9.44
2018-12-06,3.18,9.07,2.24,5.22
2018-12-07,-3.29,5.79,0.0,9.4
2018-12-08,-5.2,3.94,0.0,7.25
2018-12-09,-4.53,2.86,0.0,10.11
2018-12-10,-3.02,2.2,0.0,15.06
2018-12-11,-0.43,9.32,2.31,6.23
2018-12-12,-1.18,0.28,0.0,9.1
2018-12-13,-1.17,4.77,0.58,11.93
2018-12-14,-2.56,0.51,0.0,9.93
2018-12-15,-2.88,3.39,0.0,15.06
2018-12-16,-0.46,7.2,0.92,7.8
2018-12-17,2.33,3.69,0.14,9.54
2018-12-18,1.66,2.68,0.0,12.13
2018-12-19,3.9,5.23,0.01,14.27
2018-12-20,3.39,5.71,0.0,11.86
2018-12-21,3.93,4.77,0.0,15.17
2018-12-22,5.96,3.98,0.0,14.44
2018-12-23,5.5,3.18,1.12,10.33
2018-12-24,-0.87,0.74,0.0,9.98
2018-12-25,-0.5,7.49,0.02,10.98
2018-12-26,1.98,7.22,0.0,8.32
2018-12-27,-5.37,2.25,0.0,7.47
2018-12-28,-7.45,2.4,0.0,7.8
2018-12-29,-5.55,1.35,0.0,9.06
2018-12-30,-5.17,2.97,0.0,10.7
2018-12-31,-4.38,1.55,0.0,15.49
2019-01-01,-2.43,5.59,0.2,8.45
2019-01-02,-3.6,0.88,0.0,11.44
2019-01-03,-2.82,0.0,0.0,14.3
2019-01-04,-1.65,3.93,0.0,14.18
2019-01-05,-0.64,2.62,0.0,11.1
2019-01-06,-2.29,3.63,0.0,13.16
2019-01-07,-1.5,3.37,0.0,13.04
2019-01-08,-1.14,3.08,0.0,9.24
2019-01-09,-3.54,7.2,0.0,11.28
2019-01-10,-0.25,5.63,0.0,8.63
2019-01-11,1.73,6.81,0.0,12.13
2019-01-12,2.34,6.03,3.25,9.01
2019-01-13,0.07,1.7,0.0,11.79
2019-01-14,-0.45,6.32,0.0,11.67
2019-01-15,0.4,6.55,0.11,10.5
2019-01-16,-3.65,2.95,0.0,9.49
2019-01-17,-0.01,5.02,0.02,9.33
2019-01-18,0.07,2.75,0.0,14.62
2019-01-19,2.62,7.98,0.67,11.8
2019-01-20,1.27,2.4,0.25,8.76
2019-01-21,-0.02,1.87,0.0,13.58
2019-01-22,1.76,0.31,0.0,13.47
2019-01-23,2.26,0.54,0.0,13.28
2019-01-24,0.02,0.27,0.0,14.82
2019-01-25,-0.95,3.57,0.0,10.7
2019-01-26,-2.4,0.0,0.0,11.01
2019-01-27,-1.12,2.42,0.0,16.72
2019-01-28,2.09,3.22,0.14,10.07
2019-01-29,-0.57,2.12,0.0,16.25
2019-01-30,2.91,6.89,0.0,15.02
2019-01-31,-0.42,6.24,4.64,9.73
2019-02-01,-2.12,2.43,0.0,11.92
2019-02-02,1.15,4.64,0.0,14.46
2019-02-03,4.78,9.06,16.32,6.7
2019-02-04,2.06,3.06,0.0,8.84
2019-02-05,2.0,4.81,0.0,16.5
2019-02-06,5.02,6.33,0.0,15.66
2019-02-07,1.64,6.96,0.0,11.73
2019-02-08,-2.21,6.89,0.0,9.8
2019-02-09,-1.89,5.29,0.0,6.03
2019-02-10,-1.71,8.84,0.0,10.01
2019-02-11,-1.19,0.99,0.0,8.96
2019-02-12,-0.16,5.29,0.0,13.23
2019-02-13,0.36,3.38,0.0,9.51
2019-02-14,1.23,6.79,0.03,11.4
2019-02-15,1.77,9.17,0.53,7.58
2019-02-16,-0.68,6.72,0.2,6.63
2019-02-17,-0.56,2.36,0.0,12.86
2019-02-18,1.9,9.27,0.11,12.33
2019-02-19,2.65,8.64,16.46,5.12
2019-02-20,2.32,6.72,0.0,7.7
2019-02-21,2.07,1.73,0.0,13.45
2019-02-22,3.25,7.01,0.0,13.81
2019-02-23,4.85,4.03,0.0,17.01
2019-02-24,5.72,1.85,0.0,16.81
2019-02-25,5.78,3.56,0.0,13.41
2019-02-26,4.99,3.97,0.0,16.2
2019-02-27,6.63,9.49,0.67,9.02
2019-02-28,6.69,4.96,0.06,13.29
2019-03-01,5.91,1.44,0.0,15.34
2019-03-02,6.8,6.05,0.0,17.8
2019-03-03,8.99,7.52,0.0,13.37
2019-03-04,9.13,4.07,0.0,12.52
2019-03-05,7.86,7.14,0.0,14.39
2019-03-06,9.22,6.9,0.0,10.0
2019-03-07,6.74,2.99,0.0,10.7
2019-03-08,5.9,0.93,0.0,17.74
2019-03-09,7.59,6.03,0.0,19.48
2019-03-10,7.86,8.34,6.21,8.42
2019-03-11,5.73,7.32,1.36,10.24
2019-03-12,5.55,3.81,0.71,11.78
2019-03-13,3.63,1.35,0.0,11.17
2019-03-14,4.89,4.07,0.0,16.11
2019-03-15,5.64,7.38,2.76,10.98
2019-03-16,5.93,3.13,0.06,11.12
2019-03-17,6.59,2.11,0.0,12.57
2019-03-18,6.76,7.5,0.0,17.09
2019-03-19,10.25,1.8,0.0,19.06
2019-03-20,11.44,8.95,11.77,12.69
2019-03-21,9.29,9.17,1.48,11.28
2019-03-22,5.03,4.77,0.0,9.94
2019-03-23,3.64,3.62,1.83,12.2
2019-03-24,4.08,0.59,0.0,14.83
2019-03-25,6.61,4.49,0.0,16.18
2019-03-26,9.75,1.83,0.0,17.55
2019-03-27,12.76,5.46,0.0,18.47
2019-03-28,12.34,6.21,0.0,12.21
2019-03-29,11.37,5.83,0.0,14.07
2019-03-30,6.88,7.48,2.99,9.16
2019-03-31,5.18,5.32,0.2,7.69
2019-04-01,5.42,2.61,0.2,12.69
2019-04-02,6.32,0.33,0.0,15.72
2019-04-03,6.59,0.13,0.0,16.54
2019-04-04,9.23,1.46,0.0,19.69
2019-04-05,10.59,3.52,0.0,17.15
2019-04-06,12.15,2.83,0.0,18.92
2019-04-07,13.72,6.92,0.0,11.83
2019-04-08,12.74,3.75,0.0,14.54
2019-04-09,9.72,8.06,29.53,11.52
2019-04-10,7.39,8.44,7.18,5.56
2019-04-11,9.2,7.43,0.0,12.16
2019-04-12,10.66,2.77,0.0,14.94
2019-04-13,10.97,6.11,0.0,16.31
2019-04-14,9.89,6.02,0.9,8.59
2019-04-15,10.94,0.0,0.0,19.53
2019-04-16,13.76,5.72,0.0,21.64
2019-04-17,15.51,4.44,0.0,14.62
2019-04-18,15.45,5.36,0.0,16.0
2019-04-19,13.58,7.97,0.0,8.19
2019-04-20,16.04,5.55,0.02,14.02
2019-04-21,17.25,8.47,0.16,10.44
2019-04-22,18.95,3.63,0.0,17.73
2019-04-23,17.0,9.03,7.05,8.8
2019-04-24,17.53,7.25,7.03,6.99
2019-04-25,14.87,8.65,4.6,6.86
2019-04-26,9.55,8.15,4.92,4.2
2019-04-27,12.16,5.88,0.04,13.15
2019-04-28,12.16,7.98,0.08,9.04
2019-04-29,10.68,7.53,23.35,5.42
2019-04-30,15.23,6.06,0.08,11.7
2019-05-01,15.56,3.64,0.0,11.94
2019-05-02,15.68,0.72,0.0,16.36
2019-05-03,16.76,0.53,0.0,21.85
2019-05-04,18.05,5.1,0.0,20.2
2019-05-05,19.21,4.92,0.0,17.28
2019-05-06,14.0,1.0,0.0,12.7
2019-05-07,13.63,0.0,0.0,17.77
2019-05-08,14.77,6.45,0.0,17.71
2019-05-09,16.45,4.56,0.0,14.67
2019-05-10,17.52,3.38,0.0,20.33
2019-05-11,19.18,1.87,0.0,18.96
2019-05-12,19.29,3.87,0.15,17.19
2019-05-13,18.77,7.12,0.0,15.85
2019-05-14,20.95,4.3,0.09,13.9
2019-05-15,21.4,5.48,0.0,14.12
2019-05-16,22.38,5.64,0.0,15.24
2019-05-17,21.85,7.68,1.88,13.73
2019-05-18,18.76,8.24,21.74,6.02
2019-05-19,19.39,9.33,6.39,6.09
2019-05-20,16.49,8.45,1.7,10.22
2019-05-21,16.29,0.0,0.0,17.6
2019-05-22,18.9,0.2,0.0,18.98
2019-05-23,20.68,0.74,0.0,18.63
2019-05-24,22.71,1.44,0.0,19.81
2019-05-25,22.57,7.67,0.0,15.2
2019-05-26,23.19,6.72,0.08,15.48
2019-05-27,18.69,9.66,14.42,8.12
2019-05-28,17.23,3.66,0.0,11.18
2019-05-29,19.26,0.36,0.0,18.49
2019-05-30,19.77,7.02,0.04,16.92
2019-05-31,18.58,4.92,0.37,10.85
2019-06-01,18.66,6.68,0.0,13.9
2019-06-02,21.0,2.57,0.0,15.56
2019-06-03,22.52,0.3,0.0,17.47
2019-06-04,23.41,0.97,0.0,15.73
2019-06-05,23.96,2.95,0.0,15.49
2019-06-06,22.08,8.93,13.36,12.35
2019-06-07,18.63,5.38,18.64,4.39
2019-06-08,21.0,6.39,0.0,11.62
2019-06-09,21.02,6.61,6.2,9.92
2019-06-10,18.63,8.44,6.32,7.75
2019-06-11,19.45,5.0,4.7,9.29
2019-06-12,20.67,2.7,0.0,12.28
2019-06-13,22.46,4.17,0.0,13.74
2019-06-14,20.56,8.82,3.66,8.38
2019-06-15,21.17,4.6,0.06,10.91
2019-06-16,21.49,4.7,0.0,12.37
2019-06-17,22.3,6.25,0.04,10.31
2019-06-18,21.2,8.01,0.77,9.63
2019-06-19,22.56,6.08,0.1,9.59
2019-06-20,23.8,6.2,0.0,11.67
2019-06-21,23.83,4.13,0.0,10.98
2019-06-22,22.7,5.91,18.29,11.18
2019-06-23,22.7,3.54,0.01,11.92
2019-06-24,23.6,4.2,0.03,13.01
2019-06-25,24.78,3.31,0.0,14.51
2019-06-26,20.87,9.54,26.35,5.87
2019-06-27,24.21,8.29,3.08,9.35
2019-06-28,24.81,7.74,0.18,8.25
2019-06-29,21.66,9.01,31.45,3.44
2019-06-30,24.24,7.65,0.03,8.48
2019-07-01,23.02,7.06,0.45,7.22
2019-07-02,23.58,4.55,0.0,11.43
2019-07-03,22.65,6.39,0.0,10.79
2019-07-04,24.23,3.94,0.0,13.44
2019-07-05,25.67,4.51,0.0,14.39
2019-07-06,25.68,0.67,0.0,14.32
2019-07-07,24.11,6.83,0.19,8.98
2019-07-08,23.14,7.19,0.0,9.34
2019-07-09,23.01,5.99,0.0,8.91
2019-07-10,21.0,9.28,23.45,4.13
2019-07-11,22.03,7.83,1.92,6.31
2019-07-12,23.46,7.22,0.0,7.75
2019-07-13,23.39,7.62,0.47,8.62
2019-07-14,24.65,6.31,6.3,10.08
2019-07-15,23.04,8.03,46.42,7.89
2019-07-16,24.18,6.46,6.61,9.64
2019-07-17,25.15,8.52,0.06,8.7
2019-07-18,24.14,8.54,8.08,6.7
2019-07-19,25.22,8.86,1.2,6.46
2019-07-20,25.27,9.85,38.13,4.62
2019-07-21,24.69,8.62,26.67,4.64
2019-07-22,26.99,6.43,0.01,9.29
2019-07-23,28.22,6.95,0.16,9.36
2019-07-24,26.8,8.32,0.23,4.5
2019-07-25,26.47,9.15,16.42,4.6
2019-07-26,26.89,8.67,23.76,5.96
2019-07-27,26.77,8.77,12.95,5.89
2019-07-28,26.95,8.61,7.71,5.09
2019-07-29,27.64,5.38,0.0,9.35
2019-07-30,28.34,5.1,0.0,9.61
2019-07-31,28.75,5.22,2.21,8.44
2019-08-01,28.61,4.49,0.78,9.58
2019-08-02,29.06,3.65,0.0,10.52
2019-08-03,28.62,5.82,0.03,10.65
2019-08-04,28.7,3.94,0.01,10.99
2019-08-05,29.48,4.19,0.03,11.04
2019-08-06,27.85,8.13,2.57,7.95
2019-08-07,27.67,6.17,6.75,9.89
2019-08-08,27.11,7.34,2.0,8.96
2019-08-09,28.29,6.21,0.15,9.93
2019-08-10,29.02,5.18,0.0,10.24
2019-08-11,29.18,7.57,1.11,8.92
2019-08-12,28.09,7.43,10.95,4.9
2019-08-13,29.1,4.62,0.08,10.82
2019-08-14,29.16,6.49,0.02,9.71
2019-08-15,25.6,8.27,10.33,4.81
2019-08-16,26.0,5.87,2.41,7.64
2019-08-17,25.95,4.55,3.12,10.48
2019-08-18,25.17,3.53,0.0,10.3
2019-08-19,25.05,5.99,0.0,12.3
2019-08-20,26.32,5.55,0.0,9.99
2019-08-21,25.73,8.41,25.35,7.89
2019-08-22,25.64,7.97,40.84,7.83
2019-08-23,24.5,6.07,0.0,8.23
2019-08-24,22.2,6.95,0.0,8.94
2019-08-25,22.58,4.26,0.18,9.8
2019-08-26,24.41,4.99,0.0,12.33
2019-08-27,22.43,8.99,16.44,4.18
2019-08-28,23.57,7.91,1.02,6.4
2019-08-29,22.25,8.52,3.21,6.11
2019-08-30,22.56,3.79,0.07,10.03
2019-08-31,22.18,5.15,0.0,11.47
2019-09-01,21.99,8.09,0.06,9.19
2019-09-02,21.21,8.31,9.33,4.8
2019-09-03,22.13,9.8,7.83,4.3
2019-09-04,23.5,9.85,7.51,5.36
2019-09-05,24.29,9.31,23.94,7.69
2019-09-06,25.66,9.55,0.37,7.08
2019-09-07,25.79,8.61,11.19,6.52
2019-09-08,24.34,9.02,0.2,7.61
2019-09-09,24.27,9.49,13.35,5.44
2019-09-10,25.87,6.19,10.31,8.2
2019-09-11,24.86,7.31,3.23,8.27
2019-09-12,20.21,8.32,11.38,5.0
2019-09-13,21.56,3.83,0.02,10.89
2019-09-14,22.32,6.83,0.27,10.55
2019-09-15,24.32,6.36,0.0,9.89
2019-09-16,23.07,4.85,0.0,10.63
2019-09-17,21.35,2.42,0.0,13.18
2019-09-18,20.9,2.44,0.0,13.27
2019-09-19,18.79,4.31,0.0,13.95
2019-09-20,19.12,8.99,0.0,8.31
2019-09-21,17.63,9.89,46.12,4.32
2019-09-22,17.29,9.68,59.12,2.94
2019-09-23,18.4,5.14,0.01,8.59
2019-09-24,17.53,2.75,0.0,12.83
2019-09-25,18.08,7.71,0.0,12.57
2019-09-26,20.39,7.4,0.0,10.6
2019-09-27,22.0,5.99,0.0,11.61
2019-09-28,23.03,6.08,3.85,8.76
2019-09-29,22.31,2.62,0.55,11.33
2019-09-30,21.86,4.06,0.0,12.69
2019-10-01,21.23,8.76,16.87,5.58
2019-10-02,20.79,10.0,99.89,2.46
2019-10-03,21.9,6.18,28.58,8.06
2019-10-04,21.88,5.45,0.0,10.08
2019-10-05,19.35,8.23,0.5,6.01
2019-10-06,17.65,8.17,0.0,7.26
2019-10-07,15.04,8.84,11.43,3.2
2019-10-08,15.32,4.11,0.0,12.2
2019-10-09,12.57,1.75,0.0,15.55
2019-10-10,14.55,7.95,0.0,14.62
2019-10-11,17.79,2.83,0.0,13.95
2019-10-12,18.37,0.92,0.0,11.21
2019-10-13,15.91,2.19,0.0,12.49
2019-10-14,14.27,3.97,0.0,12.77
2019-10-15,13.28,4.96,0.0,11.64
2019-10-16,12.94,5.88,0.0,12.47
2019-10-17,13.46,7.11,0.0,10.8
2019-10-18,15.0,8.42,1.74,8.97
2019-10-19,15.73,2.14,0.06,11.61
2019-10-20,14.4,3.12,0.0,13.55
2019-10-21,14.65,3.76,0.0,15.43
2019-10-22,15.52,3.68,0.0,13.97
2019-10-23,15.73,9.27,0.0,7.89
2019-10-24,17.55,6.06,0.03,8.68
2019-10-25,16.73,5.85,0.01,11.83
2019-10-26,12.4,6.39,0.03,7.05
2019-10-27,9.97,0.92,0.0,13.03
2019-10-28,10.42,4.57,0.55,15.0
2019-10-29,12.52,3.85,1.47,11.22
2019-10-30,10.44,1.7,0.0,13.32
2019-10-31,12.18,2.99,0.0,16.17
2019-11-01,13.52,3.69,0.0,14.34
2019-11-02,12.37,6.6,0.0,13.96
2019-11-03,13.67,4.74,0.0,12.63
2019-11-04,12.26,3.7,0.0,12.38
2019-11-05,10.66,3.34,0.0,13.08
2019-11-06,10.57,5.47,0.0,14.06
2019-11-07,10.34,3.5,0.0,11.88
2019-11-08,6.65,0.36,0.0,14.63
2019-11-09,7.48,0.44,0.0,18.68
2019-11-10,8.84,8.28,12.6,15.16
2019-11-11,11.44,5.89,1.67,9.41
2019-11-12,9.0,3.54,0.0,12.71
2019-11-13,7.6,7.35,2.02,9.96
2019-11-14,3.22,0.81,0.0,9.53
2019-11-15,6.46,4.2,2.07,17.45
2019-11-16,10.21,5.45,0.0,12.43
2019-11-17,10.49,9.31,10.32,11.06
2019-11-18,8.11,8.4,11.31,13.52
2019-11-19,3.32,3.71,0.0,8.1
2019-11-20,2.09,0.24,0.0,11.79
2019-11-21,4.42,5.64,0.0,16.65
2019-11-22,8.47,1.76,0.0,16.59
2019-11-23,10.05,5.85,0.0,15.63
2019-11-24,12.45,6.31,0.89,13.18
2019-11-25,4.96,8.46,0.0,7.46
2019-11-26,7.7,5.11,0.07,12.05
2019-11-27,5.95,7.52,0.0,6.44
2019-11-28,4.35,3.43,0.0,12.76
2019-11-29,2.67,1.79,0.0,12.67
2019-11-30,4.45,4.53,0.0,16.57
2019-12-01,5.94,9.35,14.02,3.13
2019-12-02,3.32,4.24,0.03,6.73
2019-12-03,2.22,4.51,0.25,9.17
2019-12-04,3.72,2.69,0.53,10.42
2019-12-05,-0.1,0.9,0.0,9.17
2019-12-06,-3.7,0.44,0.0,10.58
2019-12-07,-0.3,4.05,0.0,14.58
2019-12-08,0.42,0.29,0.0,12.39
2019-12-09,1.53,1.85,0.0,15.25
2019-12-10,4.86,5.64,0.33,13.61
2019-12-11,6.24,5.43,0.14,11.55
2019-12-12,1.21,0.09,0.0,8.9
2019-12-13,0.31,4.8,0.18,13.9
2019-12-14,2.97,4.29,0.6,10.32
2019-12-15,3.98,4.71,0.0,15.55
2019-12-16,6.6,5.1,0.0,14.2
2019-12-17,6.84,7.81,2.69,7.98
2019-12-18,3.7,6.21,0.0,6.53
2019-12-19,1.25,4.67,0.0,8.47
2019-12-20,0.48,5.56,0.0,8.18
2019-12-21,-0.82,6.84,0.06,9.46
2019-12-22,1.7,6.32,0.0,11.55
2019-12-23,3.1,5.35,0.8,10.49
2019-12-24,1.13,2.38,0.0,11.96
2019-12-25,2.59,4.75,0.0,15.93
2019-12-26,3.09,8.89,1.53,4.61
2019-12-27,0.12,0.43,0.17,8.5
2019-12-28,-0.56,0.49,0.0,13.21
2019-12-29,1.35,8.97,4.78,9.42
2019-12-30,4.27,7.45,1.15,9.71
2019-12-31,-4.37,1.39,0.06,7.36
2020-01-01,-1.58,4.79,0.0,10.86
2020-01-02,1.02,4.45,0.0,9.65
2020-01-03,1.38,2.17,0.0,10.33
2020-01-04,0.8,1.85,0.0,12.32
2020-01-05,0.59,3.91,0.0,14.53
2020-01-06,2.6,9.94,11.89,6.33
2020-01-07,8.01,9.76,34.3,9.99
2020-01-08,4.75,9.53,3.17,9.93
2020-01-09,1.44,3.87,0.0,7.35
2020-01-10,-0.17,3.89,0.0,11.81
2020-01-11,1.41,4.56,0.0,10.43
2020-01-12,1.39,5.94,0.0,5.08
2020-01-13,0.13,5.9,0.01,6.47
2020-01-14,-0.07,3.55,0.0,8.73
2020-01-15,-1.15,2.09,0.0,9.34
2020-01-16,-0.5,6.54,0.0,11.79
2020-01-17,0.19,5.19,0.0,10.33
2020-01-18,0.59,2.14,0.0,11.88
2020-01-19,1.88,5.85,0.11,10.06
2020-01-20,2.53,3.19,0.0,8.14
2020-01-21,0.15,2.36,0.0,13.5
2020-01-22,2.08,9.59,2.18,4.69
2020-01-23,4.55,7.25,3.05,8.11
2020-01-24,3.57,5.78,0.0,12.38
2020-01-25,4.57,8.79,0.0,9.32
2020-01-26,5.88,8.36,0.03,11.53
2020-01-27,5.58,9.61,7.6,3.96
2020-01-28,6.9,7.49,0.05,7.31
2020-01-29,6.02,7.55,2.45,6.38
2020-01-30,5.14,7.04,0.0,8.24
2020-01-31,3.45,4.7,0.0,8.42
2020-02-01,1.59,4.12,0.0,10.9
2020-02-02,1.76,3.65,0.0,11.13
2020-02-03,1.1,2.71,0.02,8.57
2020-02-04,0.04,1.8,0.27,13.51
2020-02-05,-3.72,0.49,0.03,8.44
2020-02-06,-4.28,3.94,0.0,12.74
2020-02-07,-1.12,5.09,0.0,12.83
2020-02-08,1.55,2.8,0.0,8.33
2020-02-09,-0.18,1.18,0.0,12.65
2020-02-10,3.9,1.8,0.0,13.64
2020-02-11,5.45,4.58,0.0,17.86
2020-02-12,7.44,8.79,10.62,3.46
2020-02-13,7.56,6.8,0.03,8.51
2020-02-14,8.13,4.67,0.0,14.66
2020-02-15,9.34,6.98,2.17,14.49
2020-02-16,1.39,9.48,5.98,10.53
2020-02-17,-3.03,8.14,2.38,4.28
2020-02-18,-1.75,1.28,0.0,10.15
2020-02-19,2.05,5.05,0.0,14.81
2020-02-20,4.7,2.5,0.0,14.81
2020-02-21,7.05,6.52,2.51,16.28
2020-02-22,6.27,3.32,2.38,8.57
2020-02-23,3.15,0.0,0.0,12.31
2020-02-24,6.57,4.69,0.14,18.69
2020-02-25,7.3,8.81,32.35,2.86
2020-02-26,7.91,5.52,0.0,10.28
2020-02-27,6.12,4.71,0.0,9.82
2020-02-28,4.42,8.56,3.34,3.88
2020-02-29,6.3,4.81,0.0,10.24
2020-03-01,6.34,8.18,0.31,12.1
2020-03-02,5.05,3.22,0.0,8.22
2020-03-03,6.32,7.22,0.0,13.74
2020-03-04,3.96,6.55,0.06,8.4
2020-03-05,2.34,0.58,0.0,10.33
2020-03-06,3.75,2.87,0.0,17.33
2020-03-07,4.73,7.52,3.4,9.41
2020-03-08,7.24,2.91,0.0,16.17
2020-03-09,8.48,8.52,1.75,13.92
2020-03-10,7.08,7.92,8.23,5.96
2020-03-11,4.42,0.03,0.0,9.48
2020-03-12,6.34,1.16,0.0,18.72
2020-03-13,6.64,7.38,0.02,11.84
2020-03-14,4.83,1.84,0.0,11.45
2020-03-15,5.14,3.78,0.05,11.27
2020-03-16,4.35,1.17,0.0,13.52
2020-03-17,7.18,3.07,0.0,16.86
2020-03-18,9.43,1.09,0.0,18.58
2020-03-19,9.13,3.12,0.0,11.55
2020-03-20,9.11,0.27,0.0,14.43
2020-03-21,13.02,2.31,0.0,21.26
2020-03-22,13.52,1.38,0.0,13.83
2020-03-23,10.09,0.06,0.0,15.8
2020-03-24,10.14,0.29,0.0,17.44
2020-03-25,12.45,2.89,0.0,18.36
2020-03-26,12.87,9.4,4.26,8.98
2020-03-27,11.68,6.93,7.35,10.37
2020-03-28,7.14,7.74,0.0,8.85
2020-03-29,7.87,4.56,0.0,16.77
2020-03-30,10.73,4.76,0.0,13.46
2020-03-31,11.7,4.06,0.0,17.44
2020-04-01,11.44,4.6,0.0,13.69
2020-04-02,9.61,3.07,0.0,16.69
2020-04-03,10.38,0.64,0.0,16.02
2020-04-04,8.77,0.48,0.0,15.2
2020-04-05,7.12,0.0,0.0,15.51
2020-04-06,9.17,3.48,0.0,19.02
2020-04-07,11.66,1.5,0.0,16.44
2020-04-08,9.82,0.0,0.0,12.8
2020-04-09,8.84,2.28,0.0,14.88
2020-04-10,10.05,7.07,0.0,10.15
2020-04-11,8.79,7.56,1.12,9.14
2020-04-12,8.25,5.69,0.71,10.48
2020-04-13,9.55,3.51,0.0,13.49
2020-04-14,11.71,1.21,0.0,20.05
2020-04-15,12.37,6.53,0.0,18.0
2020-04-16,13.77,2.8,0.0,18.21
2020-04-17,12.03,7.64,13.87,7.48
2020-04-18,12.82,3.88,1.03,10.63
2020-04-19,10.9,9.63,21.26,6.42
2020-04-20,11.25,8.52,0.05,9.36
2020-04-21,8.99,4.9,0.0,8.78
2020-04-22,7.23,4.18,0.0,8.34
2020-04-23,8.56,2.13,0.0,10.76
2020-04-24,10.05,0.08,0.0,14.64
2020-04-25,13.94,1.42,0.0,17.76
2020-04-26,12.46,2.13,0.0,13.32
2020-04-27,11.63,2.34,0.0,14.49
2020-04-28,12.94,0.22,0.0,17.39
2020-04-29,14.94,0.45,0.0,18.1
2020-04-30,16.94,1.97,0.0,20.71
2020-05-01,21.16,3.22,0.0,15.28
2020-05-02,20.63,8.63,0.22,10.6
2020-05-03,18.46,8.26,11.61,6.0
2020-05-04,19.97,4.97,0.0,12.17
2020-05-05,16.18,7.39,1.26,8.83
2020-05-06,19.05,1.73,0.0,16.35
2020-05-07,18.19,4.89,0.0,13.37
2020-05-08,17.39,6.5,4.02,15.73
2020-05-09,16.81,9.62,19.85,5.58
2020-05-10,15.65,7.36,0.13,7.15
2020-05-11,18.13,5.25,0.25,14.52
2020-05-12,16.92,2.01,0.25,11.22
2020-05-13,15.88,0.38,0.0,15.28
2020-05-14,19.08,7.49,0.0,17.12
2020-05-15,16.14,9.65,14.88,5.81
2020-05-16,18.41,8.42,0.25,8.78
2020-05-17,21.2,6.1,0.02,11.67
2020-05-18,19.3,7.92,19.73,12.03
2020-05-19,13.78,7.13,2.28,6.29
2020-05-20,14.86,4.89,0.0,11.88
2020-05-21,16.74,5.38,0.0,13.46
2020-05-22,18.36,5.93,0.0,10.91
2020-05-23,19.35,3.35,0.0,14.26
2020-05-24,18.58,7.96,2.6,8.71
2020-05-25,17.86,8.94,0.0,9.43
2020-05-26,18.9,7.37,0.02,11.34
2020-05-27,18.95,5.22,0.07,11.41
2020-05-28,18.93,2.98,0.0,14.25
2020-05-29,20.59,4.42,0.0,14.53
2020-05-30,21.23,6.26,0.0,13.47
2020-05-31,20.96,8.14,0.25,12.22
2020-06-01,20.69,4.02,0.2,10.86
2020-06-02,19.87,7.66,0.23,13.67
2020-06-03,22.58,6.76,0.04,11.74
2020-06-04,24.99,3.26,0.17,12.79
2020-06-05,24.96,6.01,0.0,12.55
2020-06-06,23.16,6.66,14.29,11.48
2020-06-07,23.19,4.18,0.04,11.92
2020-06-08,25.06,1.34,0.0,14.55
2020-06-09,26.42,2.16,0.0,15.18
2020-06-10,25.52,6.96,12.66,13.2
2020-06-11,24.93,6.02,15.27,10.04
2020-06-12,24.3,8.93,16.41,8.54
2020-06-13,24.25,8.76,11.49,9.44
2020-06-14,23.51,7.52,49.62,7.24
2020-06-15,23.12,5.26,0.0,11.68
2020-06-16,23.38,5.89,0.0,12.87
2020-06-17,22.52,8.91,0.49,9.5
2020-06-18,19.76,9.28,8.4,4.03
2020-06-19,23.04,5.4,0.27,11.12
2020-06-20,23.51,4.45,0.0,9.86
2020-06-21,24.32,2.0,0.0,12.17
2020-06-22,25.16,1.84,0.0,14.92
2020-06-23,25.58,6.83,0.0,11.91
2020-06-24,22.23,9.59,8.3,5.15
2020-06-25,22.01,9.12,1.55,4.1
2020-06-26,22.84,6.73,0.63,8.51
2020-06-27,23.63,6.65,0.0,10.91
2020-06-28,24.43,1.73,0.0,10.88
2020-06-29,21.76,8.74,35.07,7.59
2020-06-30,21.0,8.82,11.19,5.86
2020-07-01,21.01,8.01,0.41,8.17
2020-07-02,22.78,7.16,0.12,11.29
2020-07-03,21.15,9.07,6.43,6.02
2020-07-04,21.0,8.17,0.26,7.01
2020-07-05,22.38,7.57,0.06,8.28
2020-07-06,23.03,8.36,4.56,8.62
2020-07-07,24.71,4.87,0.01,8.68
2020-07-08,24.92,5.57,0.0,9.51
2020-07-09,25.5,5.38,0.33,10.49
2020-07-10,24.73,8.39,39.03,7.37
2020-07-11,25.75,1.19,0.0,8.15
2020-07-12,21.58,1.84,37.28,4.7
2020-07-13,18.96,8.92,89.64,2.84
2020-07-14,19.9,8.36,10.96,3.94
2020-07-15,20.27,6.81,4.78,5.44
2020-07-16,22.87,3.51,0.06,10.46
2020-07-17,23.96,4.32,0.0,11.47
2020-07-18,23.4,6.19,0.0,8.51
2020-07-19,25.25,9.31,7.85,7.79
2020-07-20,25.7,9.29,11.18,7.11
2020-07-21,25.48,7.1,1.89,8.57
2020-07-22,22.74,9.96,54.58,3.37
2020-07-23,21.81,9.56,61.3,2.52
2020-07-24,21.5,7.91,19.99,4.22
2020-07-25,22.77,7.46,7.76,5.97
2020-07-26,23.77,8.51,1.79,7.23
2020-07-27,23.33,9.95,8.01,4.96
2020-07-28,23.64,9.77,33.22,5.02
2020-07-29,23.92,9.22,35.57,3.07
2020-07-30,24.03,8.47,52.12,5.26
2020-07-31,25.84,9.24,9.02,8.48
2020-08-01,26.26,9.06,9.33,6.95
2020-08-02,27.08,8.91,17.82,6.34
2020-08-03,26.73,8.98,22.41,6.07
2020-08-04,27.54,7.16,0.04,8.65
2020-08-05,26.99,8.8,11.93,5.44
2020-08-06,25.92,9.66,54.74,3.62
2020-08-07,23.7,9.84,87.34,3.03
2020-08-08,23.61,9.34,131.64,2.8
2020-08-09,27.18,7.97,31.09,7.19
2020-08-10,25.49,9.1,62.37,4.17
2020-08-11,25.94,8.41,31.99,5.81
2020-08-12,26.99,8.14,5.11,7.65
2020-08-13,28.17,5.96,0.0,8.73
2020-08-14,28.49,6.9,0.04,7.78
2020-08-15,28.4,5.5,9.55,8.49
2020-08-16,27.82,4.0,0.0,10.52
2020-08-17,27.77,4.43,0.0,9.5
2020-08-18,27.65,2.27,0.0,10.22
2020-08-19,27.7,1.69,0.0,11.41
2020-08-20,27.68,2.06,0.0,11.62
2020-08-21,27.31,3.59,0.0,10.27
2020-08-22,26.01,8.73,6.44,7.08
2020-08-23,26.4,5.11,0.44,9.14
2020-08-24,27.44,4.14,0.0,10.51
2020-08-25,28.24,4.52,0.17,11.01
2020-08-26,28.53,7.71,10.44,8.23
2020-08-27,28.12,8.67,7.37,6.17
2020-08-28,27.48,8.14,12.46,7.69
2020-08-29,26.73,8.03,10.71,6.33
2020-08-30,27.0,7.53,1.41,8.36
2020-08-31,26.37,5.88,0.08,5.89
2020-09-01,25.63,6.73,0.08,8.23
2020-09-02,24.63,9.99,41.58,3.44
2020-09-03,23.55,5.76,41.5,8.27
2020-09-04,22.44,3.47,0.0,11.67
2020-09-05,21.3,9.42,0.15,6.05
2020-09-06,20.29,9.9,11.15,4.99
2020-09-07,20.25,8.63,38.31,5.75
2020-09-08,23.29,4.18,0.44,8.78
2020-09-09,21.23,7.03,19.8,7.83
2020-09-10,21.71,7.19,0.32,9.0
2020-09-11,21.15,9.51,6.44,5.99
2020-09-12,20.06,6.72,4.82,5.27
2020-09-13,20.59,5.06,2.38,8.1
2020-09-14,20.89,4.94,0.0,10.27
2020-09-15,22.36,6.35,0.04,10.64
2020-09-16,21.68,7.73,1.93,5.09
2020-09-17,20.73,9.69,1.45,5.89
2020-09-18,19.4,5.8,0.98,10.38
2020-09-19,18.71,3.32,2.09,13.51
2020-09-20,17.98,1.09,0.0,12.91
2020-09-21,16.91,4.51,0.0,12.84
2020-09-22,17.77,6.2,0.0,9.99
2020-09-23,18.32,8.78,0.0,9.42
2020-09-24,19.78,6.03,0.0,8.75
2020-09-25,19.54,5.12,0.0,11.86
2020-09-26,18.77,4.34,0.0,11.14
2020-09-27,18.76,1.71,0.0,11.36
2020-09-28,17.45,2.11,0.0,13.38
2020-09-29,17.15,5.46,0.0,14.43
2020-09-30,17.86,4.76,1.78,12.45
2020-10-01,18.91,5.48,0.0,11.47
2020-10-02,19.61,6.54,0.0,10.63
2020-10-03,19.68,9.15,5.46,8.54
2020-10-04,17.91,9.19,0.55,8.19
2020-10-05,13.99,3.64,0.0,12.13
2020-10-06,13.87,3.3,0.0,13.18
2020-10-07,16.15,5.57,0.0,13.17
2020-10-08,17.22,1.66,0.0,10.46
2020-10-09,17.17,3.52,0.0,11.51
2020-10-10,16.98,5.69,0.0,11.51
2020-10-11,16.18,6.46,0.0,11.04
2020-10-12,16.25,5.47,0.01,10.2
2020-10-13,13.04,5.52,0.0,11.13
2020-10-14,12.26,6.25,0.0,12.31
2020-10-15,12.03,6.16,0.0,14.13
2020-10-16,11.04,8.7,0.0,10.48
2020-10-17,12.14,1.98,0.06,13.38
2020-10-18,11.87,2.44,0.0,15.61
2020-10-19,12.38,2.14,0.0,16.33
2020-10-20,12.46,2.39,0.0,16.8
2020-10-21,12.38,9.26,4.91,8.17
2020-10-22,13.23,6.61,0.0,9.48
2020-10-23,9.87,0.79,0.0,9.38
2020-10-24,9.25,0.81,0.0,12.45
2020-10-25,11.5,3.43,0.0,15.18
2020-10-26,11.31,1.87,0.0,15.98
2020-10-27,11.87,3.28,0.0,16.09
2020-10-28,13.73,5.37,0.0,12.21
2020-10-29,9.7,3.97,0.0,15.68
2020-10-30,10.15,1.01,0.0,16.96
2020-10-31,10.93,4.46,0.0,14.47
2020-11-01,11.45,9.87,4.16,3.28
2020-11-02,10.95,4.74,0.12,13.15
2020-11-03,6.08,2.56,0.41,8.6
2020-11-04,4.65,0.22,0.0,12.64
2020-11-05,7.47,4.71,0.0,18.14
