,날짜,평균기온,최고기온,최저기온,평균운량,일강수량,일교차
0,2016년 1월 1일,5.3,10.9,1.1,1.4,0.0,9.8
1,2016년 1월 2일,8.1,12.2,4.6,4.6,0.0,7.6
2,2016년 1월 3일,11.4,16.6,7.9,1.5,0.0,8.700000000000001
3,2016년 1월 4일,10.4,15.2,7.6,0.8,0.0,7.6
4,2016년 1월 5일,5.3,8.1,3.2,7.0,0.2,4.9
5,2016년 1월 6일,4.8,9.9,1.8,5.6,0.0,8.1
6,2016년 1월 7일,3.9,8.5,1.1,0.9,0.0,7.4
7,2016년 1월 8일,2.5,6.9,-0.5,0.8,0.0,7.4
8,2016년 1월 9일,3.8,9.4,-0.4,0.0,0.0,9.8
9,2016년 1월 10일,4.8,10.1,0.5,0.4,0.0,9.6
10,2016년 1월 11일,4.5,10.1,1.7,4.6,0.0,8.4
11,2016년 1월 12일,2.5,7.9,-0.9,1.1,0.0,8.8
12,2016년 1월 13일,1.5,6.9,-2.2,0.3,0.0,9.1
13,2016년 1월 14일,2.9,8.3,0.2,1.4,0.0,8.100000000000001
14,2016년 1월 15일,4.2,10.6,-0.5,0.0,0.0,11.1
15,2016년 1월 16일,5.7,10.4,2.3,6.4,0.0,8.100000000000001
16,2016년 1월 17일,6.6,10.3,5.1,9.5,14.2,5.200000000000001
17,2016년 1월 18일,2.3,6.9,-4.0,2.9,0.0,10.9
18,2016년 1월 19일,-3.1,0.7,-5.4,0.1,0.0,6.1000000000000005
19,2016년 1월 20일,-2.5,2.0,-6.6,2.8,0.0,8.6
20,2016년 1월 21일,-0.9,3.3,-3.5,6.8,0.0,6.8
21,2016년 1월 22일,0.8,6.7,-2.7,4.8,0.0,9.4
22,2016년 1월 23일,-2.9,1.1,-8.5,5.0,0.0,9.6
23,2016년 1월 24일,-7.6,-4.2,-10.2,1.9,0.0,5.999999999999999
24,2016년 1월 25일,-2.6,2.4,-8.2,0.0,0.0,10.6
25,2016년 1월 26일,1.4,7.3,-3.9,0.0,0.0,11.2
26,2016년 1월 27일,4.7,9.2,0.7,2.5,0.0,8.5
27,2016년 1월 28일,4.4,6.0,2.1,10.0,24.3,3.9
28,2016년 1월 29일,4.6,5.3,3.5,10.0,20.8,1.7999999999999998
29,2016년 1월 30일,6.1,8.7,4.5,6.8,0.0,4.199999999999999
30,2016년 1월 31일,3.8,7.0,1.4,3.3,0.0,5.6
31,2016년 2월 1일,1.7,7.3,-1.2,2.9,0.0,8.5
32,2016년 2월 2일,1.2,7.9,-4.0,0.8,0.0,11.9
33,2016년 2월 3일,1.9,7.5,-2.8,0.0,0.0,10.3
34,2016년 2월 4일,3.2,7.3,-0.8,3.9,0.0,8.1
35,2016년 2월 5일,4.1,10.1,0.3,0.6,0.0,9.8
36,2016년 2월 6일,2.4,7.0,-0.7,0.1,0.0,7.7
37,2016년 2월 7일,3.3,9.4,-1.7,4.0,0.0,11.1
38,2016년 2월 8일,4.5,8.8,-1.2,0.0,0.0,10.0
39,2016년 2월 9일,6.4,11.9,3.4,0.0,0.0,8.5
40,2016년 2월 10일,6.3,11.8,1.3,0.0,0.0,10.5
41,2016년 2월 11일,9.2,14.7,4.0,5.5,0.0,10.7
42,2016년 2월 12일,12.3,13.9,9.7,10.0,32.7,4.200000000000001
43,2016년 2월 13일,14.5,15.8,12.5,9.3,28.9,3.3000000000000007
44,2016년 2월 14일,6.7,15.2,-0.4,5.8,0.0,15.6
45,2016년 2월 15일,-0.4,4.2,-3.5,1.0,0.0,7.7
46,2016년 2월 16일,2.2,6.3,-2.3,2.6,0.0,8.6
47,2016년 2월 17일,3.9,9.6,-0.6,0.0,0.0,10.2
48,2016년 2월 18일,5.7,9.9,0.3,1.6,0.0,9.6
49,2016년 2월 19일,8.9,14.8,5.7,6.5,0.0,9.1
50,2016년 2월 20일,7.8,11.6,3.8,7.4,1.4,7.8
51,2016년 2월 21일,3.8,8.9,-0.2,1.0,0.0,9.1
52,2016년 2월 22일,6.6,10.4,3.1,10.0,0.0,7.300000000000001
53,2016년 2월 23일,7.9,12.8,3.9,6.5,0.0,8.9
54,2016년 2월 24일,3.0,8.4,-0.5,5.3,0.0,8.9
55,2016년 2월 25일,3.1,8.8,-2.1,0.0,0.0,10.9
56,2016년 2월 26일,6.1,10.6,1.3,4.9,0.0,9.3
57,2016년 2월 27일,10.6,15.6,7.4,2.6,0.0,8.2
58,2016년 2월 28일,10.1,15.2,6.5,4.6,0.7,8.7
59,2016년 2월 29일,1.1,6.7,-2.5,2.6,0.0,9.2
60,2016년 3월 1일,1.4,7.7,-4.3,0.0,0.0,12.0
61,2016년 3월 2일,6.3,11.4,0.1,0.0,0.0,11.3
62,2016년 3월 3일,11.4,17.2,5.9,1.3,0.0,11.3
63,2016년 3월 4일,11.5,12.4,10.6,10.0,35.7,1.8000000000000007
64,2016년 3월 5일,13.7,16.4,10.5,10.0,1.6,5.899999999999999
65,2016년 3월 6일,13.3,17.1,11.7,8.6,32.7,5.400000000000002
66,2016년 3월 7일,11.4,16.2,7.8,0.5,0.0,8.399999999999999
67,2016년 3월 8일,9.6,13.4,5.1,9.8,6.6,8.3
68,2016년 3월 9일,6.9,13.4,2.6,6.5,13.6,10.8
69,2016년 3월 10일,5.6,10.8,2.1,4.8,0.0,8.700000000000001
70,2016년 3월 11일,3.5,10.0,-0.8,0.0,0.0,10.8
71,2016년 3월 12일,5.1,10.3,0.7,2.1,0.0,9.6
72,2016년 3월 13일,7.6,10.7,5.2,9.5,0.0,5.499999999999999
73,2016년 3월 14일,7.7,14.3,4.1,2.3,0.0,10.2
74,2016년 3월 15일,8.2,12.3,3.2,3.3,0.0,9.1
75,2016년 3월 16일,11.2,16.2,7.3,4.1,0.0,8.899999999999999
76,2016년 3월 17일,12.6,16.9,7.8,3.6,0.0,9.099999999999998
77,2016년 3월 18일,12.7,13.4,11.5,9.5,38.7,1.9000000000000004
78,2016년 3월 19일,13.3,19.4,10.4,2.8,0.0,8.999999999999998
79,2016년 3월 20일,10.6,14.2,8.6,7.9,0.0,5.6
80,2016년 3월 21일,10.2,14.8,7.3,2.4,0.0,7.500000000000001
81,2016년 3월 22일,12.3,16.8,7.1,2.9,0.0,9.7
82,2016년 3월 23일,11.0,15.1,8.2,6.4,0.0,6.9
83,2016년 3월 24일,8.6,13.5,5.4,6.6,0.0,8.1
84,2016년 3월 25일,8.1,11.7,6.3,7.9,0.0,5.4
85,2016년 3월 26일,7.4,11.1,5.6,6.0,4.6,5.5
86,2016년 3월 27일,9.5,16.2,4.3,1.6,0.0,11.9
87,2016년 3월 28일,11.8,18.3,6.7,0.0,0.0,11.6
88,2016년 3월 29일,13.3,16.3,10.1,5.1,0.0,6.200000000000001
89,2016년 3월 30일,15.0,19.6,12.4,4.4,0.0,7.200000000000001
90,2016년 3월 31일,14.8,19.3,11.1,4.5,0.0,8.200000000000001
91,2016년 4월 1일,16.1,22.0,11.0,0.0,0.0,11.0
92,2016년 4월 2일,15.1,18.8,11.4,4.3,0.0,7.4
93,2016년 4월 3일,14.2,18.0,11.5,9.8,0.9,6.5
94,2016년 4월 4일,11.7,13.6,10.5,9.5,3.8,3.1
95,2016년 4월 5일,14.3,19.5,10.8,3.6,0.0,8.7
96,2016년 4월 6일,14.8,20.9,11.0,7.6,18.2,9.9
97,2016년 4월 7일,12.7,16.5,11.4,7.9,47.4,5.1
98,2016년 4월 8일,16.5,21.7,12.4,3.4,0.0,9.3
99,2016년 4월 9일,17.2,22.6,13.1,4.0,0.0,9.500000000000002
100,2016년 4월 10일,15.6,18.9,11.3,5.1,0.0,7.599999999999998
101,2016년 4월 11일,10.5,14.0,9.1,7.0,0.0,4.9
102,2016년 4월 12일,12.5,15.9,8.0,7.1,0.0,7.9
103,2016년 4월 13일,14.6,16.0,14.0,9.5,14.8,2.0
104,2016년 4월 14일,17.4,21.4,13.2,0.9,0.0,8.2
105,2016년 4월 15일,14.6,18.1,11.5,0.4,0.0,6.600000000000001
106,2016년 4월 16일,15.0,19.2,10.5,8.1,36.6,8.7
107,2016년 4월 17일,16.5,20.9,13.4,3.1,8.0,7.499999999999998
108,2016년 4월 18일,15.2,19.2,12.9,5.5,0.0,6.299999999999999
109,2016년 4월 19일,14.9,19.9,12.5,0.0,0.0,7.399999999999999
110,2016년 4월 20일,15.4,20.5,11.2,5.3,0.0,9.3
111,2016년 4월 21일,15.5,18.4,14.0,7.8,31.8,4.399999999999999
112,2016년 4월 22일,16.9,22.9,13.7,2.8,0.0,9.2
113,2016년 4월 23일,16.7,18.9,14.8,9.5,0.0,4.099999999999998
114,2016년 4월 24일,16.5,21.8,13.4,3.3,0.0,8.4
115,2016년 4월 25일,16.9,22.5,12.2,2.6,0.0,10.3
116,2016년 4월 26일,17.5,24.2,12.2,5.4,1.6,12.0
117,2016년 4월 27일,12.0,13.5,11.0,10.0,32.1,2.5
118,2016년 4월 28일,13.3,16.1,11.1,9.3,3.3,5.000000000000002
119,2016년 4월 29일,15.2,18.9,11.5,2.4,0.0,7.399999999999999
120,2016년 4월 30일,16.7,20.9,12.8,0.3,0.0,8.099999999999998
121,2016년 5월 1일,18.5,22.7,14.4,0.4,0.0,8.299999999999999
122,2016년 5월 2일,19.9,24.2,15.7,6.6,0.0,8.5
123,2016년 5월 3일,16.4,19.5,14.4,5.6,40.7,5.1
124,2016년 5월 4일,19.8,26.0,14.1,0.0,0.0,11.9
125,2016년 5월 5일,19.0,25.0,14.3,6.1,0.0,10.7
126,2016년 5월 6일,17.3,19.2,15.9,9.0,4.7,3.299999999999999
127,2016년 5월 7일,20.0,25.2,16.1,4.1,0.0,9.099999999999998
128,2016년 5월 8일,19.2,23.1,16.2,6.5,0.0,6.900000000000002
129,2016년 5월 9일,18.6,22.3,16.1,10.0,0.0,6.199999999999999
130,2016년 5월 10일,15.1,17.2,13.1,10.0,22.3,4.1
131,2016년 5월 11일,15.1,18.7,13.2,5.5,0.0,5.5
132,2016년 5월 12일,18.3,23.5,13.7,0.0,0.0,9.8
133,2016년 5월 13일,17.7,21.7,14.9,4.8,0.0,6.799999999999999
134,2016년 5월 14일,16.9,21.3,13.1,1.5,0.0,8.200000000000001
135,2016년 5월 15일,19.0,23.1,14.2,8.0,0.0,8.900000000000002
136,2016년 5월 16일,15.6,20.0,11.5,5.6,14.5,8.5
137,2016년 5월 17일,18.6,25.3,12.7,0.0,0.0,12.6
138,2016년 5월 18일,20.2,26.8,14.7,1.4,0.0,12.1
139,2016년 5월 19일,20.5,25.5,15.2,3.6,0.0,10.3
140,2016년 5월 20일,20.7,25.5,16.8,1.4,0.0,8.7
141,2016년 5월 21일,21.0,26.0,16.6,5.1,0.0,9.4
142,2016년 5월 22일,20.9,26.0,17.1,2.4,0.0,8.899999999999999
143,2016년 5월 23일,19.5,24.4,15.7,3.8,0.0,8.7
144,2016년 5월 24일,19.3,20.7,18.5,9.5,24.7,2.1999999999999997
145,2016년 5월 25일,19.9,23.8,16.4,1.9,0.0,7.400000000000002
146,2016년 5월 26일,22.1,26.0,17.9,5.9,0.0,8.100000000000001
147,2016년 5월 27일,23.0,26.7,20.8,7.4,0.0,5.899999999999999
148,2016년 5월 28일,21.0,24.1,19.2,5.8,0.0,4.900000000000002
149,2016년 5월 29일,20.0,25.4,17.9,5.0,1.9,7.5
150,2016년 5월 30일,22.4,26.6,19.3,0.4,0.0,7.300000000000001
151,2016년 5월 31일,23.8,30.5,17.8,4.4,0.0,12.7
152,2016년 6월 1일,20.7,23.6,17.3,3.3,0.0,6.300000000000001
153,2016년 6월 2일,19.8,24.0,15.7,0.8,0.0,8.3
154,2016년 6월 3일,21.1,25.7,16.8,3.3,0.0,8.899999999999999
155,2016년 6월 4일,19.7,23.8,16.6,9.6,6.6,7.199999999999999
156,2016년 6월 5일,20.6,25.1,17.1,7.6,0.0,8.0
157,2016년 6월 6일,19.3,20.4,18.3,10.0,3.1,2.099999999999998
158,2016년 6월 7일,20.9,25.4,18.8,6.5,0.0,6.599999999999998
159,2016년 6월 8일,20.4,22.2,18.8,9.5,0.0,3.3999999999999986
160,2016년 6월 9일,21.9,26.1,19.6,8.4,0.0,6.5
161,2016년 6월 10일,22.3,25.3,20.1,3.1,0.0,5.199999999999999
162,2016년 6월 11일,23.1,26.6,20.1,5.8,0.0,6.5
163,2016년 6월 12일,22.4,24.1,21.1,8.9,8.6,3.0
164,2016년 6월 13일,21.9,25.7,20.4,7.8,0.0,5.300000000000001
165,2016년 6월 14일,21.1,24.2,20.1,7.4,0.0,4.099999999999998
166,2016년 6월 15일,22.4,24.2,19.9,8.6,0.0,4.300000000000001
167,2016년 6월 16일,23.6,26.4,21.7,8.4,1.5,4.699999999999999
168,2016년 6월 17일,22.9,28.6,19.3,1.0,0.0,9.3
169,2016년 6월 18일,22.4,25.5,19.1,5.1,2.8,6.399999999999999
170,2016년 6월 19일,23.9,28.6,21.0,6.4,9.1,7.600000000000001
171,2016년 6월 20일,23.9,28.7,21.1,7.4,10.2,7.599999999999998
172,2016년 6월 21일,22.4,24.6,21.2,9.9,3.1,3.400000000000002
173,2016년 6월 22일,21.9,23.3,21.3,10.0,13.4,2.0
174,2016년 6월 23일,23.5,26.6,20.6,4.3,0.0,6.0
175,2016년 6월 24일,22.6,24.2,21.2,10.0,53.7,3.0
176,2016년 6월 25일,22.7,25.7,20.6,5.0,0.0,5.099999999999998
177,2016년 6월 26일,23.3,28.6,19.6,0.3,0.0,9.0
178,2016년 6월 27일,20.5,23.4,19.3,8.8,0.2,4.099999999999998
179,2016년 6월 28일,22.1,25.3,18.8,8.8,0.0,6.5
180,2016년 6월 29일,21.8,25.1,20.1,8.5,2.9,5.0
181,2016년 6월 30일,23.3,27.2,20.3,6.3,0.0,6.899999999999999
182,2016년 7월 1일,23.0,24.0,22.2,9.3,31.9,1.8000000000000007
183,2016년 7월 2일,23.1,24.4,21.7,10.0,44.4,2.6999999999999997
184,2016년 7월 3일,22.1,24.7,20.2,10.0,15.4,4.5
185,2016년 7월 4일,21.0,22.1,20.4,10.0,62.5,1.7000000000000028
186,2016년 7월 5일,23.5,26.1,20.0,9.8,1.0,6.100000000000001
187,2016년 7월 6일,25.0,29.2,20.3,6.9,0.0,8.899999999999999
188,2016년 7월 7일,23.7,27.6,19.5,4.8,0.1,8.100000000000001
189,2016년 7월 8일,24.9,30.4,23.1,7.6,0.0,7.299999999999997
190,2016년 7월 9일,25.6,29.0,22.6,1.9,0.0,6.399999999999999
191,2016년 7월 10일,25.4,29.3,23.1,7.6,0.0,6.199999999999999
192,2016년 7월 11일,24.7,27.0,23.5,10.0,14.7,3.5
193,2016년 7월 12일,24.0,25.2,22.5,9.9,6.3,2.6999999999999997
194,2016년 7월 13일,25.9,29.5,22.7,6.3,1.3,6.800000000000001
195,2016년 7월 14일,26.2,31.9,22.8,4.4,0.1,9.099999999999998
196,2016년 7월 15일,24.4,27.6,22.2,5.0,0.0,5.400000000000002
197,2016년 7월 16일,23.0,24.3,22.0,9.3,9.8,2.3000000000000007
198,2016년 7월 17일,25.2,28.6,21.8,3.8,0.0,6.800000000000001
199,2016년 7월 18일,24.4,28.0,22.4,6.8,0.0,5.600000000000001
200,2016년 7월 19일,25.2,28.4,23.2,5.9,0.0,5.199999999999999
201,2016년 7월 20일,24.7,28.4,22.2,2.8,0.0,6.199999999999999
202,2016년 7월 21일,24.4,27.9,21.6,4.5,0.0,6.299999999999997
203,2016년 7월 22일,24.5,28.2,21.6,4.4,0.0,6.599999999999998
204,2016년 7월 23일,25.3,29.5,22.2,4.6,0.0,7.300000000000001
205,2016년 7월 24일,26.7,30.4,23.3,5.0,0.0,7.099999999999998
206,2016년 7월 25일,27.5,31.2,26.0,6.8,0.8,5.199999999999999
207,2016년 7월 26일,28.3,31.1,26.2,4.3,0.0,4.900000000000002
208,2016년 7월 27일,28.7,32.2,26.3,3.5,0.0,5.900000000000002
209,2016년 7월 28일,28.5,31.4,27.2,5.9,0.0,4.199999999999999
210,2016년 7월 29일,28.7,31.9,26.1,4.1,0.0,5.799999999999997
211,2016년 7월 30일,28.8,32.7,26.8,3.4,0.0,5.900000000000002
212,2016년 7월 31일,29.0,32.1,26.3,2.9,0.0,5.800000000000001
213,2016년 8월 1일,27.8,31.8,24.8,4.0,5.0,7.0
214,2016년 8월 2일,27.3,31.1,25.2,7.8,0.6,5.900000000000002
215,2016년 8월 3일,27.3,31.1,24.9,7.6,0.4,6.200000000000003
216,2016년 8월 4일,28.3,31.7,25.5,4.3,0.0,6.199999999999999
217,2016년 8월 5일,28.1,32.0,25.4,1.8,0.0,6.600000000000001
218,2016년 8월 6일,28.9,32.7,25.4,0.1,0.0,7.300000000000004
219,2016년 8월 7일,29.5,33.0,26.5,0.8,0.0,6.5
220,2016년 8월 8일,29.6,34.4,26.8,3.3,0.0,7.599999999999998
221,2016년 8월 9일,28.9,32.9,26.2,4.4,0.0,6.699999999999999
222,2016년 8월 10일,29.0,32.2,25.0,0.5,0.0,7.200000000000003
223,2016년 8월 11일,30.6,34.8,26.9,1.3,0.0,7.899999999999999
224,2016년 8월 12일,31.0,34.5,27.9,0.0,0.0,6.600000000000001
225,2016년 8월 13일,31.3,35.3,28.2,0.1,0.0,7.099999999999998
226,2016년 8월 14일,31.7,37.3,28.3,0.3,0.0,8.999999999999996
227,2016년 8월 15일,29.4,36.6,25.3,6.0,53.8,11.3
228,2016년 8월 16일,28.0,30.9,25.0,5.3,21.3,5.899999999999999
229,2016년 8월 17일,28.5,32.3,25.3,3.1,0.0,6.9999999999999964
230,2016년 8월 18일,28.6,32.5,25.7,3.1,0.0,6.800000000000001
231,2016년 8월 19일,28.6,32.7,25.6,3.1,0.0,7.100000000000001
232,2016년 8월 20일,28.6,31.7,25.9,2.5,0.0,5.800000000000001
233,2016년 8월 21일,29.1,33.3,25.9,3.1,0.0,7.399999999999999
234,2016년 8월 22일,28.9,32.5,26.3,3.4,0.0,6.199999999999999
235,2016년 8월 23일,27.6,31.2,25.5,5.0,0.9,5.699999999999999
236,2016년 8월 24일,27.6,31.8,24.2,0.8,0.0,7.600000000000001
237,2016년 8월 25일,28.6,33.4,24.9,0.6,0.0,8.5
238,2016년 8월 26일,24.3,27.9,20.8,7.5,0.0,7.099999999999998
239,2016년 8월 27일,23.6,28.2,19.8,8.0,1.7,8.399999999999999
240,2016년 8월 28일,19.0,24.0,17.6,10.0,57.6,6.399999999999999
241,2016년 8월 29일,21.3,25.7,17.5,5.9,0.2,8.2
242,2016년 8월 30일,22.6,26.0,19.4,5.0,0.0,6.600000000000001
243,2016년 8월 31일,25.3,29.8,21.5,1.8,0.0,8.3
244,2016년 9월 1일,25.9,29.3,24.0,5.5,0.0,5.300000000000001
245,2016년 9월 2일,21.2,24.9,19.7,10.0,118.0,5.199999999999999
246,2016년 9월 3일,24.4,27.9,22.2,8.1,38.4,5.699999999999999
247,2016년 9월 4일,25.6,28.4,23.2,6.9,0.1,5.199999999999999
248,2016년 9월 5일,25.3,29.2,23.9,8.9,0.0,5.300000000000001
249,2016년 9월 6일,25.6,28.8,23.5,8.3,0.0,5.300000000000001
250,2016년 9월 7일,25.3,28.8,23.8,10.0,0.0,5.0
251,2016년 9월 8일,23.9,28.4,20.1,3.6,1.3,8.299999999999997
252,2016년 9월 9일,24.6,28.4,22.2,3.6,0.0,6.199999999999999
253,2016년 9월 10일,23.8,27.7,22.3,6.3,0.0,5.399999999999999
254,2016년 9월 11일,24.2,28.3,21.1,6.5,0.0,7.199999999999999
255,2016년 9월 12일,21.3,23.4,20.4,9.1,24.7,3.0
256,2016년 9월 13일,23.0,27.4,19.7,2.8,0.0,7.699999999999999
257,2016년 9월 14일,23.5,28.2,20.2,6.5,0.0,8.0
258,2016년 9월 15일,24.1,27.7,21.1,8.1,0.0,6.599999999999998
259,2016년 9월 16일,23.8,26.0,22.3,9.9,0.0,3.6999999999999993
260,2016년 9월 17일,20.5,23.3,18.9,10.0,119.4,4.400000000000002
261,2016년 9월 18일,21.4,23.1,20.6,9.5,7.8,2.5
262,2016년 9월 19일,20.5,21.8,19.6,8.0,0.0,2.1999999999999997
263,2016년 9월 20일,20.9,25.1,18.3,2.9,0.0,6.800000000000001
264,2016년 9월 21일,21.1,25.6,17.7,5.5,0.0,7.900000000000002
265,2016년 9월 22일,20.8,24.6,19.2,5.9,0.2,5.400000000000002
266,2016년 9월 23일,21.8,26.3,18.3,2.4,0.0,8.0
267,2016년 9월 24일,22.6,26.8,19.3,3.5,0.0,7.5
268,2016년 9월 25일,23.0,27.6,19.3,7.5,0.0,8.3
269,2016년 9월 26일,24.2,27.3,22.1,9.0,0.0,5.199999999999999
270,2016년 9월 27일,25.3,29.7,22.7,7.8,3.7,7.0
271,2016년 9월 28일,22.9,25.1,20.9,10.0,61.6,4.200000000000003
272,2016년 9월 29일,18.9,20.9,18.3,9.8,2.3,2.599999999999998
273,2016년 9월 30일,18.2,19.1,17.1,9.9,30.2,2.0
274,2016년 10월 1일,20.0,22.0,18.0,9.5,1.4,4.0
275,2016년 10월 2일,23.1,27.4,19.9,8.3,0.0,7.5
276,2016년 10월 3일,25.2,28.3,22.4,7.0,0.0,5.900000000000002
277,2016년 10월 4일,23.6,27.5,21.4,7.0,0.1,6.100000000000001
278,2016년 10월 5일,21.8,26.4,20.0,6.0,95.0,6.399999999999999
279,2016년 10월 6일,22.3,26.4,19.1,1.9,0.0,7.299999999999997
280,2016년 10월 7일,20.8,23.8,18.7,8.4,0.2,5.100000000000001
281,2016년 10월 8일,19.3,22.6,16.1,8.6,39.3,6.5
282,2016년 10월 9일,16.2,22.0,13.1,1.0,0.0,8.9
283,2016년 10월 10일,17.2,21.6,14.5,7.0,0.0,7.100000000000001
284,2016년 10월 11일,17.0,19.8,15.5,8.1,0.0,4.300000000000001
285,2016년 10월 12일,18.6,23.6,15.0,6.6,0.0,8.600000000000001
286,2016년 10월 13일,18.5,21.5,16.7,8.4,0.0,4.800000000000001
287,2016년 10월 14일,18.8,24.0,14.9,1.4,0.0,9.1
288,2016년 10월 15일,19.5,23.5,16.2,4.9,0.0,7.300000000000001
289,2016년 10월 16일,17.9,18.9,17.5,9.4,38.7,1.3999999999999986
290,2016년 10월 17일,20.8,25.9,17.0,3.6,0.1,8.899999999999999
291,2016년 10월 18일,20.1,24.5,16.7,4.8,0.0,7.800000000000001
292,2016년 10월 19일,19.6,24.0,17.0,4.4,0.0,7.0
293,2016년 10월 20일,19.5,24.2,16.2,8.0,0.0,8.0
294,2016년 10월 21일,17.4,18.4,16.4,8.9,0.0,2.0
295,2016년 10월 22일,18.3,22.3,15.8,9.1,0.0,6.5
296,2016년 10월 23일,16.4,19.0,14.1,8.8,0.0,4.9
297,2016년 10월 24일,16.2,21.2,13.8,4.8,0.0,7.399999999999999
298,2016년 10월 25일,18.5,21.7,15.0,5.5,1.8,6.699999999999999
299,2016년 10월 26일,18.2,22.8,15.2,5.6,0.0,7.600000000000001
300,2016년 10월 27일,17.6,20.0,15.5,7.0,0.0,4.5
301,2016년 10월 28일,15.6,17.3,15.1,8.6,5.8,2.200000000000001
302,2016년 10월 29일,14.7,17.4,12.6,5.9,0.0,4.799999999999999
303,2016년 10월 30일,12.9,19.0,9.8,3.5,0.0,9.2
304,2016년 10월 31일,12.7,15.1,10.7,8.5,0.0,4.4
305,2016년 11월 1일,8.5,13.4,5.5,0.5,0.0,7.9
306,2016년 11월 2일,8.2,14.1,3.1,0.0,0.0,11.0
307,2016년 11월 3일,11.2,17.5,5.9,2.0,0.0,11.6
308,2016년 11월 4일,14.1,19.0,10.1,0.0,0.0,8.9
309,2016년 11월 5일,15.9,20.5,12.3,0.0,0.0,8.2
310,2016년 11월 6일,14.3,16.6,12.9,7.5,0.3,3.700000000000001
311,2016년 11월 7일,14.3,18.5,12.6,8.3,0.1,5.9
312,2016년 11월 8일,12.5,15.9,8.2,5.5,0.7,7.700000000000001
313,2016년 11월 9일,9.7,15.8,3.8,2.8,0.0,12.0
314,2016년 11월 10일,11.0,14.3,9.7,8.9,6.7,4.600000000000001
315,2016년 11월 11일,12.8,17.8,8.2,1.0,0.0,9.6
316,2016년 11월 12일,14.6,20.3,8.8,2.5,0.0,11.5
317,2016년 11월 13일,15.8,18.0,12.9,8.1,0.2,5.1
318,2016년 11월 14일,17.0,19.5,15.7,9.4,7.6,3.8000000000000007
319,2016년 11월 15일,15.2,19.9,11.6,2.4,0.0,8.299999999999999
320,2016년 11월 16일,13.2,19.0,9.5,2.1,0.0,9.5
321,2016년 11월 17일,13.3,18.6,9.2,1.6,0.0,9.400000000000002
322,2016년 11월 18일,15.2,20.8,11.4,6.1,29.1,9.4
323,2016년 11월 19일,15.9,20.4,13.4,6.0,0.7,6.999999999999998
324,2016년 11월 20일,15.8,19.4,14.0,3.5,0.0,5.399999999999999
325,2016년 11월 21일,14.9,18.8,13.0,6.9,0.0,5.800000000000001
326,2016년 11월 22일,11.1,15.5,6.2,5.4,0.0,9.3
327,2016년 11월 23일,8.3,14.5,5.0,6.3,0.0,9.5
328,2016년 11월 24일,4.1,9.5,0.1,0.0,0.0,9.4
329,2016년 11월 25일,5.7,11.7,0.9,1.3,0.0,10.8
330,2016년 11월 26일,6.5,10.3,2.8,7.4,1.5,7.500000000000001
331,2016년 11월 27일,7.4,10.8,5.1,6.3,0.3,5.700000000000001
332,2016년 11월 28일,7.0,11.9,4.1,0.3,0.0,7.800000000000001
333,2016년 11월 29일,8.6,14.8,3.1,2.3,0.0,11.7
334,2016년 11월 30일,10.9,14.8,9.1,8.5,9.4,5.700000000000001
335,2016년 12월 1일,9.3,13.8,4.4,2.6,0.0,9.4
336,2016년 12월 2일,7.5,12.1,3.1,0.0,0.0,9.0
337,2016년 12월 3일,9.8,16.8,4.5,2.9,0.0,12.3
338,2016년 12월 4일,10.5,13.1,8.3,5.9,0.0,4.799999999999999
339,2016년 12월 5일,11.5,16.3,7.5,0.8,0.0,8.8
340,2016년 12월 6일,6.5,10.5,3.7,0.0,0.0,6.8
341,2016년 12월 7일,6.2,11.5,0.9,1.5,0.0,10.6
342,2016년 12월 8일,8.4,12.8,3.8,2.9,0.0,9.0
343,2016년 12월 9일,9.2,13.7,4.7,1.3,0.0,9.0
344,2016년 12월 10일,5.7,11.4,1.5,0.6,0.0,9.9
345,2016년 12월 11일,6.3,12.6,0.7,0.8,0.0,11.9
346,2016년 12월 12일,9.6,15.2,5.7,6.8,0.0,9.5
347,2016년 12월 13일,9.8,11.6,8.5,8.6,0.0,3.1
348,2016년 12월 14일,5.9,11.0,2.3,5.1,0.0,8.7
349,2016년 12월 15일,2.2,7.0,-1.0,0.3,0.0,8.0
350,2016년 12월 16일,1.0,6.4,-3.2,0.0,0.0,9.6
351,2016년 12월 17일,5.4,11.4,-0.7,0.0,0.0,12.1
352,2016년 12월 18일,8.5,13.5,3.7,4.0,0.0,9.8
353,2016년 12월 19일,10.7,13.0,7.7,9.6,17.1,5.3
354,2016년 12월 20일,12.4,17.1,9.8,2.8,1.1,7.300000000000001
355,2016년 12월 21일,13.5,16.9,10.2,9.1,21.2,6.699999999999999
356,2016년 12월 22일,11.9,17.6,7.0,7.6,39.6,10.6
357,2016년 12월 23일,4.7,8.0,1.5,1.6,0.0,6.5
358,2016년 12월 24일,4.4,10.1,-0.2,4.4,0.0,10.3
359,2016년 12월 25일,9.0,14.8,3.5,5.8,0.0,11.3
360,2016년 12월 26일,8.8,10.0,6.4,10.0,22.2,3.6
361,2016년 12월 27일,4.3,8.4,-0.2,3.1,2.6,8.6
362,2016년 12월 28일,3.7,10.5,-2.3,1.4,0.0,12.8
363,2016년 12월 29일,2.5,7.8,-0.8,1.4,0.0,8.6
364,2016년 12월 30일,2.4,8.6,-2.0,1.0,0.0,10.6
365,2016년 12월 31일,4.7,10.6,0.0,2.3,0.0,10.6
366,2017년 1월 1일,6.5,12.6,2.2,1.9,0.0,10.4
367,2017년 1월 2일,9.5,15.1,5.3,2.3,0.0,9.8
368,2017년 1월 3일,7.9,14.2,3.8,0.0,0.0,10.4
369,2017년 1월 4일,8.1,12.9,4.7,4.6,0.0,8.2
370,2017년 1월 5일,7.8,12.7,6.0,8.0,0.7,6.699999999999999
371,2017년 1월 6일,7.5,12.8,5.1,3.9,0.0,7.700000000000001
372,2017년 1월 7일,8.7,12.8,4.3,6.3,0.0,8.5
373,2017년 1월 8일,9.3,12.9,7.4,8.0,4.6,5.5
374,2017년 1월 9일,7.3,11.3,4.1,1.4,0.0,7.200000000000001
375,2017년 1월 10일,3.5,7.7,0.8,0.0,0.0,6.9
376,2017년 1월 11일,1.1,4.9,-2.3,2.1,0.0,7.2
377,2017년 1월 12일,3.9,8.7,-0.5,3.8,0.0,9.2
378,2017년 1월 13일,1.5,6.7,-1.9,2.0,0.0,8.6
379,2017년 1월 14일,-2.4,2.5,-6.0,0.0,0.0,8.5
380,2017년 1월 15일,-1.5,5.6,-7.7,0.0,0.0,13.3
381,2017년 1월 16일,1.4,8.3,-3.5,0.4,0.0,11.8
382,2017년 1월 17일,4.4,9.8,-0.3,4.0,0.0,10.1
383,2017년 1월 18일,5.3,9.2,1.7,5.9,0.0,7.499999999999999
384,2017년 1월 19일,4.9,10.5,0.2,2.4,0.0,10.3
385,2017년 1월 20일,2.1,5.9,-2.1,2.3,0.0,8.0
386,2017년 1월 21일,0.0,4.2,-3.9,2.8,0.0,8.1
387,2017년 1월 22일,0.6,5.1,-4.1,1.1,0.0,9.2
388,2017년 1월 23일,-2.5,2.9,-6.3,0.0,0.0,9.2
389,2017년 1월 24일,-1.1,4.4,-5.3,0.0,0.0,9.7
390,2017년 1월 25일,1.2,8.2,-3.7,0.0,0.0,11.9
391,2017년 1월 26일,3.8,9.2,-1.7,0.9,0.0,10.9
392,2017년 1월 27일,7.2,12.3,2.6,4.4,0.0,9.7
393,2017년 1월 28일,6.5,12.1,0.5,2.9,0.0,11.6
394,2017년 1월 29일,8.0,9.3,6.6,10.0,5.9,2.700000000000001
395,2017년 1월 30일,3.3,8.2,-1.4,1.9,0.8,9.6
396,2017년 1월 31일,3.1,9.0,-2.2,1.4,0.0,11.2
397,2017년 2월 1일,2.3,8.5,-0.6,2.9,0.0,9.1
398,2017년 2월 2일,3.4,10.1,-2.5,0.0,0.0,12.6
399,2017년 2월 3일,5.5,12.5,0.2,1.8,0.0,12.3
400,2017년 2월 4일,9.5,15.1,5.3,7.1,0.2,9.8
401,2017년 2월 5일,7.3,12.0,4.3,6.9,4.9,7.7
402,2017년 2월 6일,4.0,8.8,1.3,0.1,0.0,7.500000000000001
403,2017년 2월 7일,4.4,10.1,-0.3,5.8,0.0,10.4
404,2017년 2월 8일,6.1,9.8,2.6,9.5,0.0,7.200000000000001
405,2017년 2월 9일,1.0,5.7,-2.9,3.3,0.0,8.6
406,2017년 2월 10일,-1.5,3.1,-4.7,0.0,0.0,7.800000000000001
407,2017년 2월 11일,-0.5,5.9,-5.7,0.0,0.0,11.6
408,2017년 2월 12일,2.2,8.3,-2.5,0.0,0.0,10.8
409,2017년 2월 13일,4.7,11.0,-0.9,2.4,0.0,11.9
410,2017년 2월 14일,5.5,10.8,1.9,1.6,0.0,8.9
411,2017년 2월 15일,7.3,12.8,2.7,0.0,0.0,10.1
412,2017년 2월 16일,11.7,15.9,6.5,6.6,1.4,9.4
413,2017년 2월 17일,12.1,17.7,5.3,4.4,2.4,12.4
414,2017년 2월 18일,4.0,8.7,1.3,2.3,0.0,7.399999999999999
415,2017년 2월 19일,6.7,13.0,-1.0,4.9,0.0,14.0
416,2017년 2월 20일,9.4,14.3,0.5,4.4,1.4,13.8
417,2017년 2월 21일,5.2,9.7,-1.0,4.1,0.0,10.7
418,2017년 2월 22일,8.2,10.5,6.1,9.9,23.2,4.4
419,2017년 2월 23일,5.4,10.3,0.8,4.4,0.0,9.5
420,2017년 2월 24일,2.8,8.5,-1.6,1.0,0.0,10.1
421,2017년 2월 25일,5.7,12.3,0.4,0.3,0.0,11.9
422,2017년 2월 26일,6.4,10.3,2.4,4.9,0.0,7.9
423,2017년 2월 27일,7.5,12.2,4.2,5.6,0.3,7.999999999999999
424,2017년 2월 28일,8.8,13.6,4.3,1.5,0.0,9.3
425,2017년 3월 1일,9.3,13.8,6.2,6.3,13.2,7.6
426,2017년 3월 2일,6.6,11.4,2.6,3.9,1.6,8.8
427,2017년 3월 3일,6.7,12.4,0.5,2.9,0.0,11.9
428,2017년 3월 4일,9.7,14.5,5.5,2.6,0.0,9.0
429,2017년 3월 5일,10.2,15.5,7.1,6.0,0.0,8.4
430,2017년 3월 6일,7.1,11.4,1.7,2.6,0.0,9.7
431,2017년 3월 7일,3.1,9.8,-1.1,0.5,0.0,10.9
432,2017년 3월 8일,2.9,9.5,-2.3,0.4,0.0,11.8
433,2017년 3월 9일,6.9,11.8,1.9,0.4,0.0,9.9
434,2017년 3월 10일,8.6,15.4,3.3,0.0,0.0,12.1
435,2017년 3월 11일,10.3,15.7,6.4,2.9,0.0,9.3
436,2017년 3월 12일,11.3,16.6,6.3,5.1,0.0,10.3
437,2017년 3월 13일,10.9,15.7,8.4,6.0,0.0,7.299999999999999
438,2017년 3월 14일,8.7,14.8,5.2,6.3,0.0,9.6
439,2017년 3월 15일,7.6,14.0,3.4,0.5,0.0,10.6
440,2017년 3월 16일,9.0,12.8,5.2,6.4,0.0,7.6
441,2017년 3월 17일,10.6,15.4,6.6,1.3,0.0,8.8
442,2017년 3월 18일,11.3,16.9,8.4,4.1,0.0,8.499999999999998
443,2017년 3월 19일,12.4,17.2,9.0,1.5,0.0,8.2
444,2017년 3월 20일,10.7,14.5,8.1,7.4,6.3,6.4
445,2017년 3월 21일,9.2,16.8,6.1,5.1,2.5,10.7
446,2017년 3월 22일,9.1,14.2,4.5,6.1,0.0,9.7
447,2017년 3월 23일,11.6,15.3,9.0,8.4,0.0,6.300000000000001
448,2017년 3월 24일,9.9,12.9,7.8,9.0,0.0,5.1000000000000005
449,2017년 3월 25일,9.1,12.8,5.9,8.6,3.3,6.9
450,2017년 3월 26일,6.9,10.6,4.5,9.6,3.9,6.1
451,2017년 3월 27일,7.2,13.1,3.9,1.9,2.8,9.2
452,2017년 3월 28일,9.3,14.7,3.7,4.5,0.0,11.0
453,2017년 3월 29일,9.0,11.6,6.2,9.5,2.1,5.4
454,2017년 3월 30일,12.5,18.1,7.7,3.8,0.0,10.400000000000002
455,2017년 3월 31일,9.9,11.4,8.6,9.8,0.0,2.8000000000000007
456,2017년 4월 1일,8.8,12.3,6.7,8.8,3.0,5.6000000000000005
457,2017년 4월 2일,9.3,15.2,5.0,2.0,0.0,10.2
458,2017년 4월 3일,14.9,22.5,6.9,0.0,0.0,15.6
459,2017년 4월 4일,16.1,21.5,11.8,3.3,0.0,9.7
460,2017년 4월 5일,14.5,15.3,12.4,9.9,10.6,2.9000000000000004
461,2017년 4월 6일,14.7,15.7,13.7,9.5,26.6,2.0
462,2017년 4월 7일,16.0,21.3,12.5,4.4,0.0,8.8
463,2017년 4월 8일,16.1,20.2,11.6,3.0,0.0,8.6
464,2017년 4월 9일,14.3,17.7,11.3,6.5,0.0,6.399999999999999
465,2017년 4월 10일,12.4,16.7,10.5,8.6,0.0,6.199999999999999
466,2017년 4월 11일,12.8,18.2,9.7,6.5,15.5,8.5
467,2017년 4월 12일,13.7,17.7,11.5,4.5,0.0,6.199999999999999
468,2017년 4월 13일,15.0,19.5,8.9,0.0,0.0,10.6
469,2017년 4월 14일,15.9,19.3,11.8,3.5,0.0,7.5
470,2017년 4월 15일,17.8,21.6,14.9,4.1,0.0,6.700000000000001
471,2017년 4월 16일,16.1,21.0,13.6,4.4,0.0,7.4
472,2017년 4월 17일,15.7,17.8,13.1,9.0,37.7,4.700000000000001
473,2017년 4월 18일,15.2,19.1,11.6,2.5,0.0,7.500000000000002
474,2017년 4월 19일,15.1,18.5,10.6,2.0,0.0,7.9
475,2017년 4월 20일,15.3,18.2,13.8,9.6,0.0,4.399999999999999
476,2017년 4월 21일,15.5,20.9,12.2,7.5,0.0,8.7
477,2017년 4월 22일,14.0,17.5,10.9,1.3,0.0,6.6
478,2017년 4월 23일,14.4,17.9,9.9,0.0,0.0,7.999999999999998
479,2017년 4월 24일,16.1,20.5,10.9,1.3,0.0,9.6
480,2017년 4월 25일,17.6,19.7,14.9,9.4,2.3,4.799999999999999
481,2017년 4월 26일,14.4,17.8,11.8,8.8,9.4,6.0
482,2017년 4월 27일,14.5,20.1,10.7,4.6,0.0,9.400000000000002
483,2017년 4월 28일,15.6,19.3,10.9,1.3,0.0,8.4
484,2017년 4월 29일,17.9,22.7,13.5,0.0,0.0,9.2
485,2017년 4월 30일,19.0,23.2,14.9,0.0,0.0,8.299999999999999
486,2017년 5월 1일,18.1,22.9,14.2,1.3,0.0,8.7
487,2017년 5월 2일,16.2,19.9,13.0,6.8,0.0,6.899999999999999
488,2017년 5월 3일,17.4,23.3,12.8,2.5,0.0,10.5
489,2017년 5월 4일,19.0,22.5,14.9,5.0,0.1,7.6
490,2017년 5월 5일,19.1,23.6,17.0,9.4,6.6,6.600000000000001
491,2017년 5월 6일,19.9,25.0,17.1,5.1,0.0,7.899999999999999
492,2017년 5월 7일,19.9,26.6,13.9,1.1,0.0,12.7
493,2017년 5월 8일,19.9,25.8,17.0,7.5,0.0,8.8
494,2017년 5월 9일,15.3,20.3,13.8,10.0,20.6,6.5
495,2017년 5월 10일,17.5,22.2,14.4,5.1,0.1,7.799999999999999
496,2017년 5월 11일,18.3,23.9,15.5,7.5,0.0,8.399999999999999
497,2017년 5월 12일,16.9,18.4,15.7,10.0,11.8,2.6999999999999997
498,2017년 5월 13일,18.1,20.9,14.3,2.8,0.0,6.599999999999998
499,2017년 5월 14일,19.0,23.2,14.2,3.0,0.0,9.0
500,2017년 5월 15일,17.7,21.0,13.5,6.8,0.0,7.5
501,2017년 5월 16일,17.7,21.4,14.5,5.6,0.0,6.899999999999999
502,2017년 5월 17일,17.7,21.6,15.2,3.8,0.0,6.400000000000002
503,2017년 5월 18일,19.2,25.9,14.7,0.0,0.0,11.2
504,2017년 5월 19일,22.4,27.9,16.5,0.0,0.0,11.4
505,2017년 5월 20일,21.9,26.3,18.1,5.1,0.0,8.2
506,2017년 5월 21일,21.0,25.8,17.0,6.1,0.0,8.8
507,2017년 5월 22일,20.4,25.8,16.0,1.5,0.0,9.8
508,2017년 5월 23일,19.4,24.1,15.1,7.9,0.0,9.000000000000002
509,2017년 5월 24일,19.4,23.1,17.7,7.8,0.0,5.400000000000002
510,2017년 5월 25일,21.2,28.2,16.3,1.5,0.0,11.9
511,2017년 5월 26일,17.1,21.1,13.2,0.9,0.0,7.900000000000002
512,2017년 5월 27일,17.8,22.7,13.5,0.0,0.0,9.2
513,2017년 5월 28일,19.7,24.1,15.7,0.9,0.0,8.400000000000002
514,2017년 5월 29일,21.0,26.1,17.8,2.9,0.0,8.3
515,2017년 5월 30일,21.7,25.9,17.6,6.6,0.0,8.299999999999997
516,2017년 5월 31일,20.4,25.4,17.3,7.9,0.0,8.099999999999998
517,2017년 6월 1일,21.3,24.8,18.3,3.9,0.0,6.5
518,2017년 6월 2일,18.2,22.5,15.4,1.1,0.0,7.1
519,2017년 6월 3일,19.7,25.4,16.2,4.6,0.0,9.2
520,2017년 6월 4일,20.0,25.2,15.8,1.4,0.0,9.4
521,2017년 6월 5일,19.7,23.5,17.0,5.1,0.0,6.5
522,2017년 6월 6일,18.7,21.7,16.8,9.6,0.5,4.899999999999999
523,2017년 6월 7일,19.2,22.9,17.4,8.8,18.3,5.5
524,2017년 6월 8일,20.4,27.1,16.5,2.3,0.0,10.6
525,2017년 6월 9일,22.5,27.3,18.1,1.8,0.0,9.2
526,2017년 6월 10일,21.1,24.2,19.3,8.1,0.0,4.899999999999999
527,2017년 6월 11일,20.4,24.3,17.8,6.5,0.0,6.5
528,2017년 6월 12일,18.8,22.4,16.5,7.8,0.0,5.899999999999999
529,2017년 6월 13일,18.7,21.2,15.9,6.6,0.0,5.299999999999999
530,2017년 6월 14일,20.9,24.1,16.9,1.1,0.0,7.200000000000003
531,2017년 6월 15일,23.2,30.4,19.2,0.0,0.0,11.2
532,2017년 6월 16일,20.8,24.5,18.2,1.5,0.0,6.300000000000001
533,2017년 6월 17일,20.3,23.3,17.4,0.3,0.0,5.900000000000002
534,2017년 6월 18일,21.6,24.7,17.9,0.5,0.0,6.800000000000001
535,2017년 6월 19일,22.3,26.0,19.0,4.4,0.0,7.0
536,2017년 6월 20일,21.4,24.9,18.4,9.3,9.4,6.5
537,2017년 6월 21일,22.0,26.5,18.6,6.4,0.0,7.899999999999999
538,2017년 6월 22일,22.5,27.4,19.2,3.9,0.0,8.2
539,2017년 6월 23일,23.4,28.3,20.3,4.5,0.0,8.0
540,2017년 6월 24일,23.0,26.5,20.4,7.8,0.1,6.100000000000001
541,2017년 6월 25일,23.0,25.3,21.4,8.8,0.0,3.900000000000002
542,2017년 6월 26일,22.8,25.1,21.3,9.1,0.0,3.8000000000000007
543,2017년 6월 27일,22.8,25.8,20.7,8.6,0.0,5.100000000000001
544,2017년 6월 28일,23.6,27.8,20.6,4.9,0.0,7.199999999999999
545,2017년 6월 29일,21.9,23.9,20.7,9.5,21.1,3.1999999999999997
546,2017년 6월 30일,24.2,27.6,20.9,8.4,0.4,6.700000000000003
547,2017년 7월 1일,25.3,28.4,23.1,8.8,0.0,5.299999999999997
548,2017년 7월 2일,24.8,26.6,23.2,8.8,2.3,3.400000000000002
549,2017년 7월 3일,25.3,27.4,23.9,9.6,0.0,3.5
550,2017년 7월 4일,24.0,27.9,21.9,9.0,122.6,6.0
551,2017년 7월 5일,23.6,26.4,21.2,7.8,18.1,5.199999999999999
552,2017년 7월 6일,24.1,27.0,21.9,9.1,1.5,5.100000000000001
553,2017년 7월 7일,24.8,26.5,22.2,9.5,1.5,4.300000000000001
554,2017년 7월 8일,25.5,28.1,23.9,9.5,1.8,4.200000000000003
555,2017년 7월 9일,25.6,28.8,23.9,8.6,0.3,4.900000000000002
556,2017년 7월 10일,24.9,26.4,23.9,10.0,7.0,2.5
557,2017년 7월 11일,24.6,27.0,22.7,9.1,1.5,4.300000000000001
558,2017년 7월 12일,26.2,30.4,22.9,0.4,0.0,7.5
559,2017년 7월 13일,25.3,28.4,22.4,2.9,0.0,6.0
560,2017년 7월 14일,26.6,29.6,23.3,6.4,0.0,6.300000000000001
561,2017년 7월 15일,26.9,30.1,24.8,8.4,0.0,5.300000000000001
562,2017년 7월 16일,27.6,30.9,24.9,6.4,0.0,6.0
563,2017년 7월 17일,27.2,30.8,24.4,9.4,0.5,6.400000000000002
564,2017년 7월 18일,26.2,29.5,23.6,8.0,7.5,5.899999999999999
565,2017년 7월 19일,27.5,31.2,25.3,2.9,0.0,5.899999999999999
566,2017년 7월 20일,26.6,29.5,24.0,1.5,0.0,5.5
567,2017년 7월 21일,28.3,30.8,24.2,4.3,0.0,6.600000000000001
568,2017년 7월 22일,27.9,32.7,24.4,5.3,0.0,8.300000000000004
569,2017년 7월 23일,26.9,30.8,24.4,8.6,0.0,6.400000000000002
570,2017년 7월 24일,27.4,31.1,24.2,8.3,3.7,6.900000000000002
571,2017년 7월 25일,25.8,29.4,24.0,9.0,1.1,5.399999999999999
572,2017년 7월 26일,26.2,30.6,23.0,2.9,0.0,7.600000000000001
573,2017년 7월 27일,25.5,29.5,22.0,0.1,0.0,7.5
574,2017년 7월 28일,26.9,29.6,23.0,4.1,0.0,6.600000000000001
575,2017년 7월 29일,25.9,29.2,24.6,9.0,0.0,4.599999999999998
576,2017년 7월 30일,26.8,30.1,24.2,5.0,0.0,5.900000000000002
577,2017년 7월 31일,27.4,30.6,25.1,7.5,2.7,5.5
578,2017년 8월 1일,27.4,31.5,24.8,7.4,0.0,6.699999999999999
579,2017년 8월 2일,26.7,30.8,24.3,6.3,0.0,6.5
580,2017년 8월 3일,27.9,31.8,23.9,4.5,0.0,7.900000000000002
581,2017년 8월 4일,29.8,34.0,25.9,0.8,0.0,8.100000000000001
582,2017년 8월 5일,30.7,35.3,27.3,2.9,0.0,7.9999999999999964
583,2017년 8월 6일,31.7,36.2,27.6,0.4,0.0,8.600000000000001
584,2017년 8월 7일,29.8,35.0,27.3,2.4,0.0,7.699999999999999
585,2017년 8월 8일,29.8,34.2,26.3,5.6,0.0,7.900000000000002
586,2017년 8월 9일,27.3,29.1,25.8,9.9,14.6,3.3000000000000007
587,2017년 8월 10일,28.3,33.1,25.9,8.0,0.0,7.200000000000003
588,2017년 8월 11일,26.9,30.7,24.7,5.4,0.0,6.0
589,2017년 8월 12일,26.1,30.7,23.2,5.1,0.0,7.5
590,2017년 8월 13일,25.3,29.3,22.9,8.6,0.0,6.400000000000002
591,2017년 8월 14일,23.6,24.7,21.9,10.0,28.3,2.8000000000000007
592,2017년 8월 15일,25.0,27.7,21.9,9.6,6.1,5.800000000000001
593,2017년 8월 16일,25.9,27.8,24.6,9.5,4.7,3.1999999999999997
594,2017년 8월 17일,25.9,28.7,23.7,7.9,0.0,5.0
595,2017년 8월 18일,25.9,29.2,24.1,7.9,0.0,5.099999999999998
596,2017년 8월 19일,26.2,28.9,24.1,6.9,0.0,4.799999999999997
597,2017년 8월 20일,26.7,29.1,24.5,8.5,0.7,4.600000000000001
598,2017년 8월 21일,27.5,29.5,26.2,9.0,0.2,3.3000000000000007
599,2017년 8월 22일,26.7,29.2,25.5,7.9,27.2,3.6999999999999993
600,2017년 8월 23일,28.7,31.7,26.1,6.0,0.0,5.599999999999998
601,2017년 8월 24일,29.2,32.9,27.3,6.5,0.7,5.599999999999998
602,2017년 8월 25일,27.1,29.7,25.3,6.1,0.0,4.399999999999999
603,2017년 8월 26일,26.0,30.1,23.3,4.8,0.0,6.800000000000001
604,2017년 8월 27일,25.2,29.4,21.8,1.8,0.0,7.599999999999998
605,2017년 8월 28일,26.1,29.5,21.7,3.1,0.0,7.800000000000001
606,2017년 8월 29일,25.8,28.9,22.6,6.1,0.0,6.299999999999997
607,2017년 8월 30일,23.8,28.8,21.1,7.5,0.0,7.699999999999999
608,2017년 8월 31일,23.5,28.5,18.7,4.3,0.0,9.8
609,2017년 9월 1일,22.8,28.5,19.9,3.8,0.0,8.600000000000001
610,2017년 9월 2일,22.6,27.5,19.0,5.4,0.0,8.5
611,2017년 9월 3일,23.2,27.8,19.4,5.5,0.0,8.400000000000002
612,2017년 9월 4일,23.5,28.0,21.3,8.5,0.0,6.699999999999999
613,2017년 9월 5일,23.8,26.4,21.9,9.0,0.6,4.5
614,2017년 9월 6일,22.8,25.6,21.6,10.0,33.0,4.0
615,2017년 9월 7일,21.1,24.5,18.7,7.1,11.8,5.800000000000001
616,2017년 9월 8일,24.1,28.9,20.0,0.5,0.0,8.899999999999999
617,2017년 9월 9일,24.6,29.7,20.8,5.9,0.0,8.899999999999999
618,2017년 9월 10일,24.6,28.2,21.5,7.9,0.0,6.699999999999999
619,2017년 9월 11일,22.9,25.7,21.3,9.5,264.1,4.399999999999999
620,2017년 9월 12일,23.9,28.6,20.9,2.1,0.0,7.700000000000003
621,2017년 9월 13일,23.2,27.8,19.6,0.4,0.0,8.2
622,2017년 9월 14일,22.9,27.3,19.3,3.5,0.0,8.0
623,2017년 9월 15일,22.2,24.3,21.2,8.5,0.0,3.1000000000000014
624,2017년 9월 16일,22.3,24.4,21.0,9.9,0.0,3.3999999999999986
625,2017년 9월 17일,21.7,24.2,19.9,7.5,7.2,4.300000000000001
626,2017년 9월 18일,22.8,26.8,18.3,1.0,0.0,8.5
627,2017년 9월 19일,23.3,26.7,19.2,6.5,0.0,7.5
628,2017년 9월 20일,22.7,26.0,19.3,7.0,0.0,6.699999999999999
629,2017년 9월 21일,21.5,25.6,18.0,4.0,0.0,7.600000000000001
630,2017년 9월 22일,22.2,26.6,19.2,4.3,0.0,7.400000000000002
631,2017년 9월 23일,22.1,26.5,19.3,6.8,0.0,7.199999999999999
632,2017년 9월 24일,22.7,27.6,18.5,1.9,0.0,9.1
633,2017년 9월 25일,23.9,28.1,20.8,3.5,0.0,7.300000000000001
634,2017년 9월 26일,23.2,27.0,20.6,5.4,0.0,6.399999999999999
635,2017년 9월 27일,20.4,22.0,19.1,9.6,18.3,2.8999999999999986
636,2017년 9월 28일,21.2,25.3,18.2,4.8,0.0,7.100000000000001
637,2017년 9월 29일,18.4,23.3,14.5,2.3,0.0,8.8
638,2017년 9월 30일,20.2,25.6,15.2,0.5,0.0,10.400000000000002
639,2017년 10월 1일,20.4,23.2,16.7,8.8,5.0,6.5
640,2017년 10월 2일,21.6,25.7,18.9,9.3,104.6,6.800000000000001
641,2017년 10월 3일,21.0,25.3,18.8,6.1,0.0,6.5
642,2017년 10월 4일,19.2,23.5,17.4,8.1,0.0,6.100000000000001
643,2017년 10월 5일,18.6,22.4,16.8,9.6,1.5,5.599999999999998
644,2017년 10월 6일,18.5,21.4,16.4,9.6,9.0,5.0
645,2017년 10월 7일,21.2,25.4,18.3,5.4,0.0,7.099999999999998
646,2017년 10월 8일,22.0,26.4,18.2,1.5,0.0,8.2
647,2017년 10월 9일,22.5,26.9,19.2,0.5,0.0,7.699999999999999
648,2017년 10월 10일,23.4,28.7,20.1,2.8,0.0,8.599999999999998
649,2017년 10월 11일,22.6,26.2,20.3,8.1,0.0,5.899999999999999
650,2017년 10월 12일,16.7,20.3,13.6,10.0,6.7,6.700000000000001
651,2017년 10월 13일,16.9,22.0,12.7,4.6,0.1,9.3
652,2017년 10월 14일,17.2,22.0,13.8,6.8,0.0,8.2
653,2017년 10월 15일,16.0,17.3,13.7,9.9,10.2,3.6000000000000014
654,2017년 10월 16일,17.5,20.2,16.2,9.0,0.0,4.0
655,2017년 10월 17일,17.9,21.8,15.9,7.9,0.0,5.9
656,2017년 10월 18일,17.4,18.7,16.4,9.4,0.0,2.3000000000000007
657,2017년 10월 19일,17.8,22.2,15.6,8.0,0.0,6.6
658,2017년 10월 20일,18.3,22.8,15.6,2.4,0.0,7.200000000000001
659,2017년 10월 21일,18.4,22.6,15.3,4.4,0.0,7.300000000000001
660,2017년 10월 22일,18.3,21.9,15.6,6.0,0.0,6.299999999999999
661,2017년 10월 23일,15.3,20.1,13.3,5.9,0.0,6.800000000000001
662,2017년 10월 24일,14.2,19.9,11.6,6.3,1.2,8.299999999999999
663,2017년 10월 25일,15.0,20.8,11.0,0.1,0.0,9.8
664,2017년 10월 26일,16.1,21.0,11.3,3.8,0.0,9.7
665,2017년 10월 27일,17.8,22.7,13.4,4.9,0.0,9.3
666,2017년 10월 28일,18.1,20.7,15.8,8.8,0.0,4.899999999999999
667,2017년 10월 29일,17.4,23.7,10.4,2.6,0.0,13.3
668,2017년 10월 30일,11.3,17.2,7.3,0.0,0.0,9.9
669,2017년 10월 31일,13.6,19.4,7.6,0.9,0.0,11.8
670,2017년 11월 1일,14.8,21.6,10.1,1.9,0.0,11.500000000000002
671,2017년 11월 2일,16.4,21.5,12.2,6.1,0.0,9.3
672,2017년 11월 3일,17.1,23.2,12.5,0.9,0.0,10.7
673,2017년 11월 4일,11.0,16.3,7.0,1.3,0.0,9.3
674,2017년 11월 5일,11.9,18.1,6.9,0.0,0.0,11.2
675,2017년 11월 6일,13.8,19.4,8.4,1.1,0.0,10.999999999999998
676,2017년 11월 7일,16.1,19.7,11.8,7.5,0.0,7.899999999999999
677,2017년 11월 8일,18.1,23.6,13.9,3.3,0.0,9.7
678,2017년 11월 9일,14.8,20.3,10.8,0.0,0.0,9.5
679,2017년 11월 10일,16.4,21.1,11.5,4.1,0.0,9.6
680,2017년 11월 11일,10.0,15.2,6.5,0.0,0.0,8.7
681,2017년 11월 12일,11.7,17.7,7.3,3.5,0.0,10.4
682,2017년 11월 13일,13.3,18.2,9.0,6.5,0.0,9.2
683,2017년 11월 14일,13.7,18.4,8.7,3.5,0.0,9.7
684,2017년 11월 15일,9.2,14.8,5.2,0.9,0.0,9.6
685,2017년 11월 16일,7.1,12.3,3.2,0.0,0.0,9.1
686,2017년 11월 17일,10.4,15.7,5.3,7.1,0.3,10.4
687,2017년 11월 18일,7.0,11.6,0.9,2.9,0.0,10.7
688,2017년 11월 19일,3.3,7.3,-1.0,3.5,0.0,8.3
689,2017년 11월 20일,6.0,11.1,2.4,2.8,0.0,8.7
690,2017년 11월 21일,8.5,12.8,4.3,2.3,0.0,8.5
691,2017년 11월 22일,9.3,12.7,6.5,8.9,0.0,6.199999999999999
692,2017년 11월 23일,5.6,10.4,2.7,1.1,0.0,7.7
693,2017년 11월 24일,5.8,11.0,1.9,1.5,0.0,9.1
694,2017년 11월 25일,7.2,11.6,1.6,5.3,0.0,10.0
695,2017년 11월 26일,12.2,16.8,8.0,6.3,0.0,8.8
696,2017년 11월 27일,12.3,17.3,7.7,2.6,0.0,9.6
697,2017년 11월 28일,14.1,19.8,10.7,3.5,0.0,9.1
698,2017년 11월 29일,12.8,17.2,10.4,5.9,0.0,6.799999999999999
699,2017년 11월 30일,7.3,11.1,1.7,6.3,0.0,9.4
700,2017년 12월 1일,2.4,7.9,-1.3,1.4,0.0,9.2
701,2017년 12월 2일,5.0,10.7,0.4,3.1,0.0,10.3
702,2017년 12월 3일,7.9,14.5,3.0,4.3,0.0,11.5
703,2017년 12월 4일,7.0,11.6,-0.5,2.3,0.0,12.1
704,2017년 12월 5일,0.4,4.8,-2.4,0.0,0.0,7.199999999999999
705,2017년 12월 6일,3.8,9.8,-1.6,0.0,0.0,11.4
706,2017년 12월 7일,6.9,11.6,3.4,4.6,0.0,8.2
707,2017년 12월 8일,1.5,5.6,-1.2,0.4,0.0,6.8
708,2017년 12월 9일,3.4,8.5,-1.9,3.8,0.0,10.4
709,2017년 12월 10일,6.7,10.8,3.9,5.4,0.2,6.9
710,2017년 12월 11일,1.2,5.7,-3.2,1.3,0.0,8.9
711,2017년 12월 12일,-2.7,1.6,-6.1,1.0,0.0,7.699999999999999
712,2017년 12월 13일,-1.3,4.5,-5.8,0.0,0.0,10.3
713,2017년 12월 14일,2.9,9.8,-3.4,4.8,0.0,13.2
714,2017년 12월 15일,4.8,9.9,1.0,3.6,0.0,8.9
715,2017년 12월 16일,1.9,5.4,-2.8,3.8,0.0,8.2
716,2017년 12월 17일,-1.4,2.8,-5.4,0.0,0.0,8.2
717,2017년 12월 18일,2.6,7.5,-3.2,1.3,0.0,10.7
718,2017년 12월 19일,3.5,7.6,-1.0,1.1,0.0,8.6
719,2017년 12월 20일,1.9,8.2,-2.9,0.0,0.0,11.1
720,2017년 12월 21일,4.3,9.8,0.8,0.0,0.0,9.0
721,2017년 12월 22일,5.1,10.6,0.4,0.9,0.0,10.2
722,2017년 12월 23일,8.0,13.4,4.0,4.4,0.0,9.4
723,2017년 12월 24일,8.8,13.4,4.2,7.4,10.4,9.2
724,2017년 12월 25일,3.4,7.5,0.1,0.0,0.0,7.4
725,2017년 12월 26일,3.0,8.9,-0.7,1.3,0.0,9.6
726,2017년 12월 27일,-0.6,3.7,-4.5,0.0,0.0,8.2
727,2017년 12월 28일,2.0,6.2,-1.5,3.1,0.0,7.7
728,2017년 12월 29일,5.8,11.4,1.3,0.6,0.0,10.1
729,2017년 12월 30일,6.9,12.6,2.6,6.1,0.0,10.0
730,2017년 12월 31일,5.5,9.3,1.2,1.4,0.0,8.100000000000001
731,2018년 1월 1일,2.7,7.4,-1.1,0.0,0.0,8.5
732,2018년 1월 2일,4.1,9.4,-0.3,1.9,0.0,9.7
733,2018년 1월 3일,2.6,6.9,-0.2,3.6,0.0,7.1000000000000005
734,2018년 1월 4일,2.8,7.7,-1.7,7.4,0.0,9.4
735,2018년 1월 5일,4.1,9.7,0.7,3.8,0.8,9.0
736,2018년 1월 6일,3.1,8.5,-0.8,0.4,0.0,9.3
737,2018년 1월 7일,5.4,9.4,0.4,7.8,0.1,9.0
738,2018년 1월 8일,5.8,7.4,4.3,9.4,6.4,3.1000000000000005
739,2018년 1월 9일,1.9,4.7,0.1,3.4,0.0,4.6000000000000005
740,2018년 1월 10일,-0.7,2.5,-4.8,2.1,0.2,7.3
741,2018년 1월 11일,-4.6,0.0,-7.4,0.0,0.0,7.4
742,2018년 1월 12일,-4.8,0.1,-9.4,0.0,0.0,9.5
743,2018년 1월 13일,-0.2,5.6,-5.7,0.6,0.0,11.3
744,2018년 1월 14일,3.5,9.1,-1.1,3.6,0.0,10.2
745,2018년 1월 15일,9.3,14.0,4.2,2.1,0.1,9.8
746,2018년 1월 16일,8.8,11.0,5.5,9.5,27.6,5.5
747,2018년 1월 17일,6.4,8.3,5.4,6.3,5.4,2.9000000000000004
748,2018년 1월 18일,7.2,11.6,4.1,3.1,0.0,7.5
749,2018년 1월 19일,6.0,11.9,1.8,0.9,0.0,10.1
750,2018년 1월 20일,5.2,10.5,0.7,0.6,0.0,9.8
751,2018년 1월 21일,6.5,11.5,2.1,5.8,0.0,9.4
752,2018년 1월 22일,6.1,7.6,4.7,6.9,0.3,2.8999999999999995
753,2018년 1월 23일,-1.3,6.1,-5.4,1.3,0.0,11.5
754,2018년 1월 24일,-6.7,-2.2,-9.8,1.3,0.0,7.6
755,2018년 1월 25일,-5.1,0.2,-9.8,5.5,0.0,10.0
756,2018년 1월 26일,-5.4,0.3,-9.9,1.5,0.0,10.2
757,2018년 1월 27일,-1.4,5.4,-8.6,2.5,0.0,14.0
758,2018년 1월 28일,1.4,5.5,-1.0,5.8,0.0,6.5
759,2018년 1월 29일,-2.4,2.4,-6.0,1.0,0.0,8.4
760,2018년 1월 30일,-2.1,3.0,-6.8,4.1,0.0,9.8
761,2018년 1월 31일,1.9,6.8,-3.4,7.1,0.0,10.2
762,2018년 2월 1일,3.3,9.4,-0.6,0.1,0.0,10.0
763,2018년 2월 2일,2.6,7.4,-0.8,6.5,0.0,8.200000000000001
764,2018년 2월 3일,-0.2,4.3,-4.8,0.0,0.0,9.1
765,2018년 2월 4일,-4.7,-0.2,-8.0,0.0,0.0,7.8
766,2018년 2월 5일,-4.4,1.5,-8.0,0.0,0.0,9.5
767,2018년 2월 6일,-5.1,0.5,-8.9,0.0,0.0,9.4
768,2018년 2월 7일,-3.5,3.1,-9.6,0.0,0.0,12.7
769,2018년 2월 8일,0.8,6.8,-4.5,1.5,0.0,11.3
770,2018년 2월 9일,6.1,10.9,0.0,7.6,0.2,10.9
771,2018년 2월 10일,6.4,11.6,1.1,7.5,0.0,10.5
772,2018년 2월 11일,-1.1,3.5,-4.6,2.4,0.0,8.1
773,2018년 2월 12일,-0.8,3.5,-4.0,1.3,0.0,7.5
774,2018년 2월 13일,1.8,6.7,-2.6,0.0,0.0,9.3
775,2018년 2월 14일,8.5,12.9,1.9,4.5,0.0,11.0
776,2018년 2월 15일,7.8,11.9,5.1,7.0,0.0,6.800000000000001
777,2018년 2월 16일,6.6,11.6,3.6,6.1,0.0,8.0
778,2018년 2월 17일,4.1,9.5,0.2,2.6,0.0,9.3
779,2018년 2월 18일,4.8,9.9,0.1,7.1,0.0,9.8
780,2018년 2월 19일,7.0,11.2,4.1,7.5,0.0,7.1
781,2018년 2월 20일,8.3,13.8,3.2,4.1,0.0,10.6
782,2018년 2월 21일,5.3,9.8,2.6,5.5,0.0,7.200000000000001
783,2018년 2월 22일,4.2,8.9,0.2,2.5,0.0,8.700000000000001
784,2018년 2월 23일,6.8,12.3,1.9,0.0,0.0,10.4
785,2018년 2월 24일,8.6,14.7,5.5,5.3,0.0,9.2
786,2018년 2월 25일,8.6,13.9,5.6,7.4,0.0,8.3
787,2018년 2월 26일,7.5,11.9,3.2,0.0,0.0,8.7
788,2018년 2월 27일,9.2,14.7,4.2,4.5,0.0,10.5
789,2018년 2월 28일,9.6,12.3,7.6,9.8,52.3,4.700000000000001
790,2018년 3월 1일,7.4,12.0,2.7,4.4,0.0,9.3
791,2018년 3월 2일,4.9,9.8,-0.7,2.4,0.0,10.5
792,2018년 3월 3일,9.6,16.4,4.1,3.6,0.0,12.3
793,2018년 3월 4일,13.2,15.4,10.2,8.3,39.1,5.200000000000001
794,2018년 3월 5일,6.5,13.4,3.4,8.9,7.7,10.0
795,2018년 3월 6일,6.4,11.4,3.1,5.1,0.0,8.3
796,2018년 3월 7일,7.2,9.7,5.0,9.8,3.8,4.699999999999999
797,2018년 3월 8일,4.9,6.3,4.2,9.0,23.5,2.1
798,2018년 3월 9일,4.8,9.4,2.2,7.0,0.0,7.2
799,2018년 3월 10일,7.6,11.2,3.4,4.1,0.0,7.799999999999999
800,2018년 3월 11일,9.7,15.6,4.3,0.0,0.0,11.3
801,2018년 3월 12일,11.2,15.8,6.0,0.0,0.0,9.8
802,2018년 3월 13일,13.3,17.3,9.7,0.1,0.0,7.600000000000001
803,2018년 3월 14일,15.3,19.0,12.4,2.8,0.0,6.6
804,2018년 3월 15일,14.3,15.6,10.1,9.9,62.0,5.5
805,2018년 3월 16일,5.3,10.3,2.4,6.4,2.5,7.9
806,2018년 3월 17일,6.6,10.8,2.3,3.8,0.0,8.5
807,2018년 3월 18일,10.7,16.4,4.9,7.8,5.0,11.499999999999998
808,2018년 3월 19일,9.6,12.8,5.4,10.0,37.1,7.4
809,2018년 3월 20일,5.7,8.5,3.0,9.9,3.4,5.5
810,2018년 3월 21일,2.9,4.4,1.0,10.0,22.0,3.4000000000000004
811,2018년 3월 22일,6.8,14.3,2.0,3.5,0.0,12.3
812,2018년 3월 23일,9.6,15.6,4.7,0.0,0.0,10.9
813,2018년 3월 24일,12.4,18.5,6.6,1.5,0.0,11.9
814,2018년 3월 25일,13.9,19.4,8.8,0.0,0.0,10.599999999999998
815,2018년 3월 26일,15.5,21.4,12.1,1.0,0.0,9.3
816,2018년 3월 27일,16.0,21.1,11.4,0.0,0.0,9.7
817,2018년 3월 28일,15.6,19.4,11.5,0.3,0.0,7.899999999999999
818,2018년 3월 29일,15.1,22.3,11.2,1.4,0.0,11.1
819,2018년 3월 30일,12.7,17.2,10.2,0.0,0.0,7.0
820,2018년 3월 31일,14.1,18.3,9.0,0.0,0.0,9.3
821,2018년 4월 1일,16.3,19.5,13.4,5.5,0.0,6.1
822,2018년 4월 2일,17.9,21.3,15.3,0.6,0.0,6.0
823,2018년 4월 3일,18.2,21.5,15.6,2.8,0.0,5.9
824,2018년 4월 4일,11.1,17.6,8.5,10.0,5.9,9.1
825,2018년 4월 5일,10.5,12.1,8.8,10.0,0.0,3.299999999999999
826,2018년 4월 6일,10.7,16.4,6.6,7.3,21.0,9.8
827,2018년 4월 7일,6.5,10.2,4.1,4.5,0.0,6.1
828,2018년 4월 8일,8.8,11.9,3.0,1.9,0.0,8.9
829,2018년 4월 9일,13.6,18.8,10.8,4.0,0.0,8.0
830,2018년 4월 10일,14.9,18.3,9.6,6.4,0.0,8.700000000000001
831,2018년 4월 11일,18.7,22.2,15.7,6.1,0.2,6.5
832,2018년 4월 12일,16.3,21.3,13.0,6.5,0.0,8.3
833,2018년 4월 13일,13.7,17.4,11.6,8.0,0.0,5.799999999999999
834,2018년 4월 14일,12.5,16.4,11.1,9.9,34.1,5.299999999999999
835,2018년 4월 15일,13.9,19.6,9.5,3.8,0.0,10.1
836,2018년 4월 16일,12.8,16.7,8.5,5.0,0.0,8.2
837,2018년 4월 17일,13.9,17.8,11.0,4.6,0.0,6.800000000000001
838,2018년 4월 18일,15.3,19.8,12.1,0.0,0.0,7.700000000000001
839,2018년 4월 19일,15.8,19.3,11.4,0.0,0.0,7.9
840,2018년 4월 20일,18.8,23.9,14.5,0.0,0.0,9.4
841,2018년 4월 21일,18.9,23.3,13.8,2.9,0.0,9.5
842,2018년 4월 22일,17.1,22.4,13.5,9.1,0.0,8.899999999999999
843,2018년 4월 23일,11.8,13.5,11.0,10.0,34.8,2.5
844,2018년 4월 24일,12.0,14.7,10.6,9.8,60.4,4.1
845,2018년 4월 25일,13.3,18.6,8.0,0.4,0.0,10.6
846,2018년 4월 26일,14.5,18.1,9.3,5.6,0.0,8.8
847,2018년 4월 27일,16.0,24.3,12.4,2.9,0.0,11.9
848,2018년 4월 28일,16.5,20.7,11.1,0.0,0.0,9.6
849,2018년 4월 29일,17.1,21.1,14.5,2.8,0.0,6.600000000000001
850,2018년 4월 30일,19.0,22.7,15.2,3.8,0.0,7.5
851,2018년 5월 1일,18.3,22.6,16.1,8.8,0.0,6.5
852,2018년 5월 2일,15.2,17.5,13.0,8.6,17.0,4.5
853,2018년 5월 3일,14.2,19.7,11.2,1.1,0.0,8.5
854,2018년 5월 4일,14.8,18.5,10.2,0.3,0.0,8.3
855,2018년 5월 5일,16.9,20.2,13.6,5.6,0.0,6.6
856,2018년 5월 6일,16.2,17.6,14.8,10.0,42.0,2.8000000000000007
857,2018년 5월 7일,14.8,16.7,13.9,9.5,30.7,2.799999999999999
858,2018년 5월 8일,14.2,15.6,12.7,9.3,0.0,2.9000000000000004
859,2018년 5월 9일,13.2,16.7,11.3,6.9,0.0,5.399999999999999
860,2018년 5월 10일,14.3,18.3,9.8,1.6,0.0,8.5
861,2018년 5월 11일,17.1,21.3,12.7,4.5,0.0,8.600000000000001
862,2018년 5월 12일,17.8,18.9,16.3,9.9,2.6,2.599999999999998
863,2018년 5월 13일,19.2,23.3,16.8,5.3,18.4,6.5
864,2018년 5월 14일,20.0,23.1,16.0,0.0,0.0,7.100000000000001
865,2018년 5월 15일,21.4,25.1,18.7,5.5,0.0,6.400000000000002
866,2018년 5월 16일,20.7,21.6,19.6,10.0,3.8,2.0
867,2018년 5월 17일,20.9,21.6,20.0,10.0,6.6,1.6000000000000014
868,2018년 5월 18일,16.3,20.9,12.9,10.0,1.9,7.999999999999998
869,2018년 5월 19일,14.7,18.8,12.7,6.5,0.0,6.100000000000001
870,2018년 5월 20일,15.4,19.6,12.3,6.3,0.0,7.300000000000001
871,2018년 5월 21일,17.2,22.4,13.5,6.1,0.0,8.899999999999999
872,2018년 5월 22일,18.0,22.4,14.1,5.5,4.1,8.299999999999999
873,2018년 5월 23일,18.1,24.9,15.0,4.8,27.6,9.9
874,2018년 5월 24일,19.4,23.8,14.1,3.0,0.0,9.7
875,2018년 5월 25일,21.1,26.0,18.4,6.5,0.0,7.600000000000001
876,2018년 5월 26일,20.5,26.6,17.4,1.1,0.0,9.200000000000005
877,2018년 5월 27일,20.2,24.9,16.1,6.9,0.0,8.799999999999997
878,2018년 5월 28일,19.5,21.3,17.7,8.3,0.6,3.6000000000000014
879,2018년 5월 29일,21.0,26.1,17.5,7.6,0.0,8.600000000000001
880,2018년 5월 30일,21.9,26.0,18.6,7.1,0.5,7.399999999999999
881,2018년 5월 31일,20.2,24.0,17.7,6.0,0.0,6.300000000000001
882,2018년 6월 1일,21.6,25.4,17.4,0.1,0.0,8.0
883,2018년 6월 2일,22.9,28.2,19.4,1.5,0.0,8.8
884,2018년 6월 3일,21.3,25.1,18.4,3.5,0.0,6.700000000000003
885,2018년 6월 4일,22.2,26.3,16.9,6.9,0.0,9.400000000000002
886,2018년 6월 5일,19.7,21.9,18.7,9.1,5.7,3.1999999999999997
887,2018년 6월 6일,21.6,26.0,18.3,3.6,0.0,7.699999999999999
888,2018년 6월 7일,21.8,25.5,18.8,0.3,0.0,6.699999999999999
889,2018년 6월 8일,22.8,27.8,20.6,4.1,0.0,7.199999999999999
890,2018년 6월 9일,21.2,24.7,18.7,5.1,0.0,6.0
891,2018년 6월 10일,19.3,23.5,17.0,9.8,5.2,6.5
892,2018년 6월 11일,17.2,21.2,15.5,9.6,32.9,5.699999999999999
893,2018년 6월 12일,18.3,21.6,16.2,9.6,0.0,5.400000000000002
894,2018년 6월 13일,19.6,23.1,17.4,7.1,0.0,5.700000000000003
895,2018년 6월 14일,19.9,23.4,17.6,5.5,0.0,5.799999999999997
896,2018년 6월 15일,19.3,23.6,17.1,6.1,0.0,6.5
897,2018년 6월 16일,18.5,22.9,16.2,5.6,0.0,6.699999999999999
898,2018년 6월 17일,20.9,25.9,15.1,6.5,0.0,10.8
899,2018년 6월 18일,22.8,26.2,19.8,7.6,0.0,6.399999999999999
900,2018년 6월 19일,21.6,26.4,19.8,9.6,6.8,6.599999999999998
901,2018년 6월 20일,22.8,27.0,19.4,6.0,0.5,7.600000000000001
902,2018년 6월 21일,24.7,30.3,21.0,4.5,0.0,9.3
903,2018년 6월 22일,24.0,27.5,20.8,8.3,0.0,6.699999999999999
904,2018년 6월 23일,23.0,26.7,20.8,5.6,0.9,5.899999999999999
905,2018년 6월 24일,24.7,31.3,21.1,0.3,0.0,10.2
906,2018년 6월 25일,23.3,26.5,20.8,5.3,0.0,5.699999999999999
907,2018년 6월 26일,22.8,24.1,21.0,9.9,1.5,3.1000000000000014
908,2018년 6월 27일,23.1,25.1,22.2,9.6,6.7,2.900000000000002
909,2018년 6월 28일,21.2,22.6,18.5,10.0,131.1,4.100000000000001
910,2018년 6월 29일,22.2,24.3,21.2,9.8,11.0,3.1000000000000014
911,2018년 6월 30일,21.0,23.0,19.8,9.5,74.4,3.1999999999999997
912,2018년 7월 1일,24.5,28.5,19.8,9.4,13.9,8.7
913,2018년 7월 2일,25.4,29.4,22.9,9.5,2.7,6.5
914,2018년 7월 3일,22.7,24.4,22.1,10.0,90.9,2.299999999999997
915,2018년 7월 4일,25.0,29.5,22.2,7.3,1.3,7.300000000000001
916,2018년 7월 5일,22.9,25.8,21.7,10.0,5.3,4.100000000000001
917,2018년 7월 6일,20.8,21.7,19.3,9.8,2.9,2.3999999999999986
918,2018년 7월 7일,20.0,22.7,18.6,8.8,0.0,4.099999999999998
919,2018년 7월 8일,19.7,23.4,17.8,9.4,0.0,5.599999999999998
920,2018년 7월 9일,20.0,22.3,18.4,8.8,4.0,3.900000000000002
921,2018년 7월 10일,24.0,28.7,19.5,7.8,0.0,9.2
922,2018년 7월 11일,26.6,30.3,22.6,5.4,0.0,7.699999999999999
923,2018년 7월 12일,27.4,30.3,25.1,4.9,0.0,5.199999999999999
924,2018년 7월 13일,27.0,29.9,24.8,2.4,0.0,5.099999999999998
925,2018년 7월 14일,27.6,31.0,24.8,0.0,0.0,6.199999999999999
926,2018년 7월 15일,27.2,30.6,23.6,0.0,0.0,7.0
927,2018년 7월 16일,27.1,30.8,23.4,0.0,0.0,7.400000000000002
928,2018년 7월 17일,27.6,30.8,24.7,0.0,0.0,6.100000000000001
929,2018년 7월 18일,28.1,32.3,25.2,0.0,0.0,7.099999999999998
930,2018년 7월 19일,29.1,32.2,25.7,0.0,0.0,6.500000000000004
931,2018년 7월 20일,29.6,33.7,26.0,0.0,0.0,7.700000000000003
932,2018년 7월 21일,29.2,32.6,26.8,1.3,0.0,5.800000000000001
933,2018년 7월 22일,29.7,33.2,26.9,5.5,0.0,6.300000000000004
934,2018년 7월 23일,29.5,33.0,27.5,4.1,0.0,5.5
935,2018년 7월 24일,29.3,32.6,26.7,0.9,0.0,5.900000000000002
936,2018년 7월 25일,29.6,33.1,26.5,0.5,0.0,6.600000000000001
937,2018년 7월 26일,30.4,34.0,27.8,1.3,0.0,6.199999999999999
938,2018년 7월 27일,29.8,33.3,27.5,5.6,0.0,5.799999999999997
939,2018년 7월 28일,29.3,32.5,26.9,2.1,0.0,5.600000000000001
940,2018년 7월 29일,29.3,35.4,25.5,7.4,1.0,9.9
941,2018년 7월 30일,28.9,33.2,25.5,3.9,0.1,7.700000000000003
942,2018년 7월 31일,29.8,33.9,26.3,1.1,0.0,7.599999999999998
943,2018년 8월 1일,30.3,34.6,27.1,0.1,0.0,7.5
944,2018년 8월 2일,30.0,33.6,27.1,0.4,0.0,6.5
945,2018년 8월 3일,29.9,33.4,27.3,0.3,0.0,6.099999999999998
946,2018년 8월 4일,30.1,33.8,27.2,0.9,0.0,6.599999999999998
947,2018년 8월 5일,31.3,36.4,28.1,0.9,0.0,8.299999999999997
948,2018년 8월 6일,29.9,33.5,28.0,7.5,0.0,5.5
949,2018년 8월 7일,28.4,32.2,26.1,4.1,0.0,6.100000000000001
950,2018년 8월 8일,27.9,31.7,24.9,2.6,0.0,6.800000000000001
951,2018년 8월 9일,28.4,32.8,25.1,5.5,14.3,7.699999999999996
952,2018년 8월 10일,26.7,28.2,25.9,9.3,0.0,2.3000000000000007
953,2018년 8월 11일,27.3,31.5,24.6,6.8,0.7,6.899999999999999
954,2018년 8월 12일,28.8,32.7,26.3,7.8,0.0,6.400000000000002
955,2018년 8월 13일,30.9,34.9,27.3,3.9,0.0,7.599999999999998
956,2018년 8월 14일,29.9,33.7,27.5,5.3,0.0,6.200000000000003
957,2018년 8월 15일,28.6,34.0,25.6,7.4,23.8,8.399999999999999
958,2018년 8월 16일,26.2,28.1,23.7,9.5,1.7,4.400000000000002
959,2018년 8월 17일,25.2,28.8,23.2,4.0,0.0,5.600000000000001
960,2018년 8월 18일,25.0,28.9,22.2,3.9,0.0,6.699999999999999
961,2018년 8월 19일,25.3,30.0,21.2,2.9,0.0,8.8
962,2018년 8월 20일,26.2,29.7,22.6,1.3,0.0,7.099999999999998
963,2018년 8월 21일,28.6,32.9,24.1,3.4,0.0,8.799999999999997
964,2018년 8월 22일,29.8,32.6,27.5,8.8,0.0,5.100000000000001
965,2018년 8월 23일,28.0,30.0,26.3,9.6,2.7,3.6999999999999993
966,2018년 8월 24일,26.7,30.0,25.1,5.8,3.1,4.899999999999999
967,2018년 8월 25일,25.7,28.0,24.6,8.1,2.4,3.3999999999999986
968,2018년 8월 26일,25.9,29.1,23.9,9.5,24.5,5.200000000000003
969,2018년 8월 27일,26.0,27.1,23.9,9.0,58.1,3.200000000000003
970,2018년 8월 28일,27.1,30.5,25.5,5.6,0.0,5.0
971,2018년 8월 29일,27.3,30.2,24.7,4.5,0.0,5.5
972,2018년 8월 30일,27.5,30.2,25.4,6.8,0.7,4.800000000000001
973,2018년 8월 31일,26.0,28.0,23.7,8.5,37.7,4.300000000000001
974,2018년 9월 1일,21.6,24.6,19.3,8.9,82.8,5.300000000000001
975,2018년 9월 2일,22.8,26.0,20.9,9.1,3.3,5.100000000000001
976,2018년 9월 3일,24.7,26.6,22.4,9.3,57.2,4.200000000000003
977,2018년 9월 4일,25.1,30.0,21.6,5.5,0.0,8.399999999999999
978,2018년 9월 5일,24.3,28.1,19.7,3.3,0.0,8.400000000000002
979,2018년 9월 6일,23.8,26.3,21.7,8.6,0.0,4.600000000000001
980,2018년 9월 7일,21.7,24.0,19.8,9.9,15.6,4.199999999999999
981,2018년 9월 8일,21.3,23.9,19.2,9.6,0.0,4.699999999999999
982,2018년 9월 9일,22.3,26.5,20.6,8.6,0.0,5.899999999999999
983,2018년 9월 10일,21.5,26.0,19.0,4.1,0.0,7.0
984,2018년 9월 11일,21.2,25.8,18.4,6.9,0.0,7.400000000000002
985,2018년 9월 12일,23.2,28.1,19.7,7.0,0.0,8.400000000000002
986,2018년 9월 13일,21.8,23.2,20.7,9.9,8.6,2.5
987,2018년 9월 14일,21.8,23.0,20.5,9.6,47.7,2.5
988,2018년 9월 15일,22.6,25.1,20.8,9.5,1.4,4.300000000000001
989,2018년 9월 16일,24.9,28.1,22.0,5.5,0.0,6.100000000000001
990,2018년 9월 17일,23.8,27.7,21.7,6.9,0.0,6.0
991,2018년 9월 18일,24.0,28.0,21.7,4.3,0.0,6.300000000000001
992,2018년 9월 19일,23.2,26.2,20.9,8.1,0.0,5.300000000000001
993,2018년 9월 20일,20.6,21.6,20.1,9.5,11.4,1.5
994,2018년 9월 21일,20.7,21.9,19.3,9.5,27.2,2.599999999999998
995,2018년 9월 22일,22.4,27.5,19.1,4.9,0.0,8.399999999999999
996,2018년 9월 23일,22.3,26.9,19.2,7.0,0.0,7.699999999999999
997,2018년 9월 24일,19.6,22.0,16.8,8.1,0.0,5.199999999999999
998,2018년 9월 25일,19.8,25.5,14.9,2.0,0.0,10.6
999,2018년 9월 26일,20.0,24.2,17.3,6.4,2.4,6.899999999999999
1000,2018년 9월 27일,19.6,23.8,17.0,1.4,0.0,6.800000000000001
1001,2018년 9월 28일,19.9,24.8,16.8,6.8,0.0,8.0
1002,2018년 9월 29일,18.0,19.1,17.2,9.9,37.1,1.900000000000002
1003,2018년 9월 30일,19.6,25.2,15.9,5.8,13.7,9.3
1004,2018년 10월 1일,17.9,22.4,15.2,3.0,0.0,7.199999999999999
1005,2018년 10월 2일,17.3,22.3,14.0,1.4,0.0,8.3
1006,2018년 10월 3일,18.6,24.6,14.5,2.5,0.0,10.1
1007,2018년 10월 4일,20.1,25.0,16.4,7.4,1.1,8.600000000000001
1008,2018년 10월 5일,19.5,20.3,18.1,10.0,51.3,2.1999999999999997
1009,2018년 10월 6일,21.6,23.6,19.2,7.1,67.4,4.400000000000002
1010,2018년 10월 7일,20.8,25.6,18.2,1.9,0.0,7.400000000000002
1011,2018년 10월 8일,18.6,23.7,15.5,2.1,0.0,8.2
1012,2018년 10월 9일,18.1,21.1,15.5,9.1,0.0,5.600000000000001
1013,2018년 10월 10일,17.1,20.9,12.6,9.1,0.0,8.299999999999999
1014,2018년 10월 11일,13.3,17.5,10.6,4.6,0.0,6.9
1015,2018년 10월 12일,13.9,18.5,9.5,0.5,0.0,9.0
1016,2018년 10월 13일,16.1,21.5,11.7,4.0,0.0,9.8
1017,2018년 10월 14일,17.1,22.1,12.8,4.1,0.0,9.3
1018,2018년 10월 15일,17.2,22.5,14.9,5.4,0.0,7.6
1019,2018년 10월 16일,16.1,20.2,13.9,8.9,0.0,6.299999999999999
1020,2018년 10월 17일,16.5,21.6,12.8,1.9,0.0,8.8
1021,2018년 10월 18일,15.9,20.8,12.1,1.3,0.0,8.700000000000001
1022,2018년 10월 19일,15.5,21.6,11.4,1.3,0.0,10.2
1023,2018년 10월 20일,15.5,21.4,10.8,0.5,0.0,10.599999999999998
1024,2018년 10월 21일,16.2,22.2,11.3,0.0,0.0,10.9
1025,2018년 10월 22일,17.1,22.8,13.1,7.0,0.0,9.7
1026,2018년 10월 23일,18.0,22.7,15.7,5.0,0.0,7.0
1027,2018년 10월 24일,15.7,21.9,12.5,0.0,0.0,9.4
1028,2018년 10월 25일,16.5,22.4,12.2,0.6,0.0,10.2
1029,2018년 10월 26일,15.9,19.0,13.6,6.8,3.9,5.4
1030,2018년 10월 27일,13.0,16.0,9.6,1.9,0.0,6.4
1031,2018년 10월 28일,13.8,18.3,8.1,2.0,0.0,10.2
1032,2018년 10월 29일,14.4,19.4,10.6,2.4,0.0,8.799999999999999
1033,2018년 10월 30일,10.8,15.4,8.0,0.0,0.0,7.4
1034,2018년 10월 31일,11.6,16.5,7.9,2.1,0.0,8.6
1035,2018년 11월 1일,11.5,17.8,7.9,0.1,0.0,9.9
1036,2018년 11월 2일,13.3,19.6,8.2,0.0,0.0,11.400000000000002
1037,2018년 11월 3일,13.9,20.7,9.2,2.3,0.0,11.5
1038,2018년 11월 4일,15.3,22.5,11.0,1.1,0.0,11.5
1039,2018년 11월 5일,15.1,21.3,10.4,0.8,0.0,10.9
1040,2018년 11월 6일,16.4,22.0,12.2,2.6,0.0,9.8
1041,2018년 11월 7일,16.9,20.1,14.7,9.3,0.0,5.400000000000002
1042,2018년 11월 8일,16.8,18.8,15.2,9.6,101.2,3.6000000000000014
1043,2018년 11월 9일,14.3,17.9,11.8,3.0,0.0,6.099999999999998
1044,2018년 11월 10일,14.2,19.6,10.6,0.0,0.0,9.000000000000002
1045,2018년 11월 11일,14.4,20.6,10.2,5.9,1.0,10.400000000000002
1046,2018년 11월 12일,12.6,15.2,11.0,8.9,2.8,4.199999999999999
1047,2018년 11월 13일,12.8,18.4,10.3,3.8,0.0,8.099999999999998
1048,2018년 11월 14일,12.7,19.1,9.0,1.1,0.0,10.1
1049,2018년 11월 15일,13.3,18.8,8.9,2.3,0.0,9.9
1050,2018년 11월 16일,12.7,16.5,10.5,8.0,0.0,6.0
1051,2018년 11월 17일,12.4,18.1,9.7,1.6,0.0,8.400000000000002
1052,2018년 11월 18일,10.3,12.9,9.1,8.0,0.0,3.8000000000000007
1053,2018년 11월 19일,11.1,17.2,7.6,3.0,0.0,9.6
1054,2018년 11월 20일,10.2,15.3,6.6,0.3,0.0,8.700000000000001
1055,2018년 11월 21일,10.9,13.5,7.9,9.1,0.0,5.6
1056,2018년 11월 22일,7.5,12.3,4.2,1.3,0.0,8.100000000000001
1057,2018년 11월 23일,6.1,11.9,2.7,0.6,0.0,9.2
1058,2018년 11월 24일,7.7,12.5,3.2,4.0,2.3,9.3
1059,2018년 11월 25일,9.7,14.8,6.2,3.8,0.0,8.600000000000001
1060,2018년 11월 26일,11.1,16.8,5.8,2.6,0.0,11.0
1061,2018년 11월 27일,14.0,19.9,10.6,0.5,0.0,9.3
1062,2018년 11월 28일,11.6,17.8,7.9,1.1,0.0,9.9
1063,2018년 11월 29일,10.4,15.9,6.0,2.8,0.0,9.9
1064,2018년 11월 30일,11.4,16.4,7.4,1.0,0.0,8.999999999999998
1065,2018년 12월 1일,10.4,14.2,7.8,7.6,0.0,6.4
1066,2018년 12월 2일,14.1,18.8,9.5,5.0,0.0,9.3
1067,2018년 12월 3일,16.8,18.8,14.5,8.4,17.2,4.300000000000001
1068,2018년 12월 4일,14.6,16.8,10.3,9.3,27.9,6.5
1069,2018년 12월 5일,9.7,14.9,4.8,5.1,0.0,10.1
1070,2018년 12월 6일,7.3,9.8,5.1,9.6,3.1,4.700000000000001
1071,2018년 12월 7일,0.5,5.2,-3.2,9.0,0.0,8.4
1072,2018년 12월 8일,-1.9,3.0,-5.4,2.5,0.0,8.4
1073,2018년 12월 9일,-0.5,4.9,-4.1,5.1,0.0,9.0
1074,2018년 12월 10일,4.0,10.7,-2.4,0.9,0.0,13.1
1075,2018년 12월 11일,5.8,8.3,3.0,9.1,2.8,5.300000000000001
1076,2018년 12월 12일,2.9,7.2,0.5,0.0,0.0,6.7
1077,2018년 12월 13일,3.2,8.1,-1.5,1.0,0.0,9.6
1078,2018년 12월 14일,1.2,6.2,-2.2,0.0,0.0,8.4
1079,2018년 12월 15일,4.0,10.4,-1.5,1.9,0.0,11.9
1080,2018년 12월 16일,4.7,8.7,3.3,7.0,4.4,5.4
1081,2018년 12월 17일,5.9,9.4,3.1,1.0,0.0,6.300000000000001
1082,2018년 12월 18일,5.6,9.7,1.8,0.6,0.0,7.899999999999999
1083,2018년 12월 19일,9.6,13.7,5.2,3.8,0.0,8.5
1084,2018년 12월 20일,10.3,12.2,8.3,6.9,0.0,3.899999999999999
1085,2018년 12월 21일,11.9,17.2,8.0,1.8,0.0,9.2
1086,2018년 12월 22일,12.5,17.6,9.4,3.8,0.0,8.200000000000001
1087,2018년 12월 23일,8.8,13.3,3.9,4.5,3.6,9.4
1088,2018년 12월 24일,3.9,8.2,0.9,1.6,0.0,7.299999999999999
1089,2018년 12월 25일,5.0,9.9,0.2,6.3,0.0,9.7
1090,2018년 12월 26일,6.9,11.0,3.8,8.5,0.0,7.2
1091,2018년 12월 27일,0.5,4.9,-4.7,2.8,0.0,9.6
1092,2018년 12월 28일,-3.5,1.2,-7.1,0.0,0.0,8.299999999999999
1093,2018년 12월 29일,-2.2,2.1,-5.5,0.0,0.0,7.6
1094,2018년 12월 30일,-0.7,5.6,-5.2,2.6,0.0,10.8
1095,2018년 12월 31일,3.9,10.6,-0.1,6.1,0.0,10.7
1096,2019년 1월 1일,1.0,5.5,-1.9,0.4,0.0,7.4
1097,2019년 1월 2일,1.2,6.4,-2.5,0.0,0.0,8.9
1098,2019년 1월 3일,3.0,8.4,-1.7,0.0,0.0,10.1
1099,2019년 1월 4일,5.0,8.2,1.4,5.4,0.0,6.799999999999999
1100,2019년 1월 5일,5.5,10.7,2.2,4.6,0.0,8.5
1101,2019년 1월 6일,4.4,10.7,1.3,4.3,0.0,9.4
1102,2019년 1월 7일,4.4,9.5,0.7,2.9,0.0,8.8
1103,2019년 1월 8일,3.2,8.2,-0.7,3.6,0.0,8.899999999999999
1104,2019년 1월 9일,2.3,7.6,-2.6,5.3,0.0,10.2
1105,2019년 1월 10일,4.8,9.0,2.5,4.8,0.0,6.5
1106,2019년 1월 11일,6.2,12.2,0.4,5.0,0.0,11.8
1107,2019년 1월 12일,6.2,8.3,4.7,8.9,0.7,3.6000000000000005
1108,2019년 1월 13일,6.8,12.5,3.2,2.6,0.0,9.3
1109,2019년 1월 14일,7.3,13.5,2.4,3.0,0.0,11.1
1110,2019년 1월 15일,5.6,10.4,1.4,6.0,0.0,9.0
1111,2019년 1월 16일,0.0,5.6,-4.4,1.5,0.0,10.0
1112,2019년 1월 17일,2.4,7.6,-2.0,0.9,0.0,9.6
1113,2019년 1월 18일,5.5,10.8,1.1,2.1,0.0,9.7
1114,2019년 1월 19일,7.5,12.2,4.2,8.0,0.5,7.999999999999999
1115,2019년 1월 20일,5.5,10.6,0.5,2.0,0.2,10.1
1116,2019년 1월 21일,2.8,7.9,-2.3,0.0,0.0,10.2
1117,2019년 1월 22일,5.5,10.6,0.9,0.0,0.0,9.7
1118,2019년 1월 23일,6.5,10.7,2.1,0.0,0.0,8.6
1119,2019년 1월 24일,5.7,11.6,1.5,0.0,0.0,10.1
1120,2019년 1월 25일,4.2,7.9,-0.1,4.8,0.0,8.0
1121,2019년 1월 26일,1.0,6.3,-2.6,0.0,0.0,8.9
1122,2019년 1월 27일,3.9,9.0,-0.7,0.3,0.0,9.7
1123,2019년 1월 28일,5.3,10.9,2.0,2.8,0.0,8.9
1124,2019년 1월 29일,5.2,11.4,-0.6,0.8,0.0,12.0
1125,2019년 1월 30일,8.6,13.7,5.4,7.6,0.0,8.299999999999999
1126,2019년 1월 31일,2.2,8.9,-1.5,7.0,11.3,10.4
1127,2019년 2월 1일,0.4,5.5,-4.2,1.9,0.0,9.7
1128,2019년 2월 2일,4.2,8.3,-1.3,2.5,0.0,9.6
1129,2019년 2월 3일,11.6,14.9,7.4,9.9,21.4,7.5
1130,2019년 2월 4일,6.8,10.5,3.4,4.1,0.0,7.1
1131,2019년 2월 5일,8.0,13.0,2.5,2.8,0.0,10.5
1132,2019년 2월 6일,10.5,15.5,6.6,5.4,0.0,8.9
1133,2019년 2월 7일,8.3,13.4,1.5,6.6,0.0,11.9
1134,2019년 2월 8일,3.2,9.0,-1.4,5.4,0.0,10.4
1135,2019년 2월 9일,2.5,5.6,0.2,8.0,0.0,5.4
1136,2019년 2월 10일,4.0,9.7,-1.3,7.0,0.0,11.0
1137,2019년 2월 11일,2.9,6.8,0.0,3.5,0.0,6.8
1138,2019년 2월 12일,4.0,9.4,-0.5,3.3,0.0,9.9
1139,2019년 2월 13일,4.6,9.0,1.2,2.3,0.0,7.8
1140,2019년 2월 14일,5.2,11.3,2.0,5.9,0.0,9.3
1141,2019년 2월 15일,6.3,8.8,4.0,8.4,1.3,4.800000000000001
1142,2019년 2월 16일,3.2,7.5,0.4,5.9,0.0,7.1
1143,2019년 2월 17일,3.2,9.5,-1.7,1.8,0.0,11.2
1144,2019년 2월 18일,6.5,10.5,2.2,9.3,0.0,8.3
1145,2019년 2월 19일,7.1,10.4,5.4,7.6,28.8,5.0
1146,2019년 2월 20일,5.6,10.3,2.0,2.6,0.0,8.3
1147,2019년 2월 21일,6.9,12.7,1.5,5.6,0.0,11.2
1148,2019년 2월 22일,9.0,14.1,5.3,7.9,0.0,8.8
1149,2019년 2월 23일,9.2,15.2,6.5,6.0,0.0,8.7
1150,2019년 2월 24일,9.0,13.8,4.6,1.6,0.0,9.2
1151,2019년 2월 25일,10.8,16.2,6.4,2.8,0.0,9.8
1152,2019년 2월 26일,10.9,16.0,6.5,4.3,0.0,9.5
1153,2019년 2월 27일,10.4,13.0,8.8,9.8,0.0,4.199999999999999
1154,2019년 2월 28일,10.6,16.5,7.5,6.0,0.0,9.0
1155,2019년 3월 1일,10.6,16.1,7.0,3.1,0.0,9.1
1156,2019년 3월 2일,10.7,15.5,7.1,5.1,0.0,8.4
1157,2019년 3월 3일,11.5,15.4,9.5,9.6,0.0,5.9
1158,2019년 3월 4일,11.4,16.9,8.8,4.8,0.0,8.099999999999998
1159,2019년 3월 5일,12.0,16.0,7.9,6.1,0.0,8.1
1160,2019년 3월 6일,10.7,13.8,8.8,7.4,1.1,5.0
1161,2019년 3월 7일,9.7,14.0,7.3,4.3,0.0,6.7
1162,2019년 3월 8일,10.5,14.5,5.6,0.6,0.0,8.9
1163,2019년 3월 9일,11.8,15.4,7.4,4.9,0.0,8.0
1164,2019년 3월 10일,8.4,12.2,6.7,9.1,29.7,5.499999999999999
1165,2019년 3월 11일,9.8,14.5,5.8,3.4,0.0,8.7
1166,2019년 3월 12일,9.4,14.8,4.5,2.0,0.1,10.3
1167,2019년 3월 13일,5.5,11.4,0.5,1.6,0.0,10.9
1168,2019년 3월 14일,8.0,12.1,2.7,1.5,0.0,9.4
1169,2019년 3월 15일,8.2,13.3,3.6,4.0,4.0,9.7
1170,2019년 3월 16일,7.7,12.6,2.5,0.0,0.0,10.1
1171,2019년 3월 17일,9.9,15.4,5.4,0.3,0.0,10.0
1172,2019년 3월 18일,11.5,14.4,8.1,8.3,0.0,6.300000000000001
1173,2019년 3월 19일,13.9,19.3,9.2,1.8,0.0,10.1
1174,2019년 3월 20일,13.8,17.2,11.2,9.0,33.7,6.0
1175,2019년 3월 21일,15.6,21.0,10.6,7.8,5.7,10.4
1176,2019년 3월 22일,9.4,14.4,5.4,3.0,0.0,9.0
1177,2019년 3월 23일,7.0,13.5,3.7,4.3,0.0,9.8
1178,2019년 3월 24일,6.9,11.1,2.0,0.0,0.0,9.1
1179,2019년 3월 25일,8.7,11.8,4.5,6.5,0.0,7.300000000000001
1180,2019년 3월 26일,13.6,20.7,7.2,0.5,0.0,13.5
1181,2019년 3월 27일,14.8,18.7,12.3,4.0,0.0,6.399999999999999
1182,2019년 3월 28일,12.8,16.1,10.7,6.9,0.0,5.400000000000002
1183,2019년 3월 29일,13.9,17.1,10.5,6.9,0.0,6.600000000000001
1184,2019년 3월 30일,11.6,16.1,5.6,5.9,1.1,10.500000000000002
1185,2019년 3월 31일,7.7,13.5,4.4,2.6,0.0,9.1
1186,2019년 4월 1일,7.7,14.1,2.1,2.4,0.0,12.0
1187,2019년 4월 2일,9.4,15.0,4.5,0.3,0.0,10.5
1188,2019년 4월 3일,9.8,13.9,5.7,0.0,0.0,8.2
1189,2019년 4월 4일,12.1,17.4,6.0,2.6,0.0,11.4
1190,2019년 4월 5일,13.9,18.0,10.1,2.1,0.0,7.9
1191,2019년 4월 6일,14.4,18.4,10.4,0.0,0.0,7.999999999999998
1192,2019년 4월 7일,12.4,15.9,9.9,7.4,13.2,6.0
1193,2019년 4월 8일,13.1,18.3,9.5,4.0,0.0,8.8
1194,2019년 4월 9일,11.2,15.8,8.4,7.4,8.3,7.4
1195,2019년 4월 10일,9.7,12.9,7.9,9.4,6.9,5.0
1196,2019년 4월 11일,10.2,14.2,6.8,6.6,0.0,7.399999999999999
1197,2019년 4월 12일,11.8,16.4,7.4,4.8,2.5,8.999999999999998
1198,2019년 4월 13일,13.5,17.2,9.2,5.3,0.0,8.0
1199,2019년 4월 14일,13.3,15.6,10.6,6.4,0.0,5.0
1200,2019년 4월 15일,12.7,17.9,7.9,0.0,0.0,9.999999999999998
1201,2019년 4월 16일,16.0,21.2,10.3,4.9,0.0,10.9
1202,2019년 4월 17일,18.0,23.4,14.3,4.8,0.0,9.099999999999998
1203,2019년 4월 18일,16.4,20.0,14.2,2.6,0.0,5.800000000000001
1204,2019년 4월 19일,13.8,16.8,10.1,7.8,0.0,6.700000000000001
1205,2019년 4월 20일,14.4,18.2,9.7,1.1,0.0,8.5
1206,2019년 4월 21일,17.2,22.0,13.4,6.8,0.0,8.6
1207,2019년 4월 22일,17.1,22.2,14.1,3.6,0.0,8.1
1208,2019년 4월 23일,16.2,19.5,14.5,9.4,7.3,5.0
1209,2019년 4월 24일,16.8,20.5,15.1,9.5,16.1,5.4
1210,2019년 4월 25일,14.8,16.3,13.0,9.9,0.1,3.3000000000000007
1211,2019년 4월 26일,11.3,13.1,8.5,9.5,5.3,4.6
1212,2019년 4월 27일,12.1,16.3,8.1,4.8,0.0,8.200000000000001
1213,2019년 4월 28일,13.2,16.9,10.7,7.5,0.0,6.199999999999999
1214,2019년 4월 29일,13.0,13.8,12.1,9.9,25.3,1.700000000000001
1215,2019년 4월 30일,15.6,18.9,13.1,8.3,0.0,5.799999999999999
1216,2019년 5월 1일,17.0,20.8,14.3,7.0,0.0,6.5
1217,2019년 5월 2일,17.6,21.7,14.8,0.0,0.0,6.899999999999999
1218,2019년 5월 3일,19.1,23.1,15.3,0.0,0.0,7.800000000000001
1219,2019년 5월 4일,19.1,23.6,15.1,3.9,0.0,8.500000000000002
1220,2019년 5월 5일,19.6,23.9,15.4,5.5,0.0,8.499999999999998
1221,2019년 5월 6일,16.6,21.3,12.8,4.3,0.0,8.5
1222,2019년 5월 7일,15.2,20.0,11.0,0.9,0.0,9.0
1223,2019년 5월 8일,17.3,21.6,12.9,6.0,0.0,8.700000000000001
1224,2019년 5월 9일,18.6,22.9,16.0,5.1,0.0,6.899999999999999
1225,2019년 5월 10일,19.0,23.8,16.0,4.8,0.0,7.800000000000001
1226,2019년 5월 11일,19.5,24.4,14.3,1.9,0.0,10.099999999999998
1227,2019년 5월 12일,20.2,25.8,15.9,2.4,0.0,9.9
1228,2019년 5월 13일,17.8,20.7,14.8,6.8,0.0,5.899999999999999
1229,2019년 5월 14일,20.5,24.7,17.2,5.0,0.0,7.5
1230,2019년 5월 15일,21.6,25.7,18.7,5.8,0.0,7.0
1231,2019년 5월 16일,21.7,26.7,18.0,5.0,0.0,8.7
1232,2019년 5월 17일,21.1,23.7,17.8,7.5,0.0,5.899999999999999
1233,2019년 5월 18일,17.7,20.4,16.5,9.8,37.1,3.899999999999999
1234,2019년 5월 19일,19.4,21.9,18.0,10.0,8.4,3.899999999999999
1235,2019년 5월 20일,19.0,23.3,14.1,6.3,1.1,9.2
1236,2019년 5월 21일,17.9,22.3,12.2,0.3,0.0,10.1
1237,2019년 5월 22일,19.7,24.6,15.8,0.0,0.0,8.8
1238,2019년 5월 23일,19.3,26.1,16.2,0.8,0.0,9.900000000000002
1239,2019년 5월 24일,20.9,25.4,16.2,0.0,0.0,9.2
1240,2019년 5월 25일,23.4,30.1,19.2,7.3,0.0,10.900000000000002
1241,2019년 5월 26일,22.0,25.7,18.5,7.0,0.0,7.199999999999999
1242,2019년 5월 27일,19.3,20.9,18.4,9.9,28.4,2.5
1243,2019년 5월 28일,18.0,22.5,15.1,7.1,0.0,7.4
1244,2019년 5월 29일,20.6,25.4,14.0,0.8,0.0,11.4
1245,2019년 5월 30일,22.5,26.9,17.8,6.5,0.0,9.099999999999998
1246,2019년 5월 31일,18.4,22.9,14.9,5.8,1.1,7.999999999999998
1247,2019년 6월 1일,19.8,24.8,16.2,8.5,0.0,8.600000000000001
1248,2019년 6월 2일,20.9,24.6,17.4,5.9,0.0,7.200000000000003
1249,2019년 6월 3일,21.3,25.6,17.4,2.0,0.0,8.200000000000003
1250,2019년 6월 4일,23.4,26.5,19.2,0.0,0.0,7.300000000000001
1251,2019년 6월 5일,23.9,29.7,20.4,1.6,0.0,9.3
1252,2019년 6월 6일,22.1,27.0,17.8,7.1,28.0,9.2
1253,2019년 6월 7일,18.7,20.0,16.8,10.0,45.7,3.1999999999999997
1254,2019년 6월 8일,19.1,22.2,17.0,7.1,0.0,5.199999999999999
1255,2019년 6월 9일,18.5,22.1,16.4,5.9,0.0,5.700000000000003
1256,2019년 6월 10일,18.8,22.7,15.8,6.3,0.0,6.899999999999999
1257,2019년 6월 11일,18.5,22.1,16.1,7.5,0.0,6.0
1258,2019년 6월 12일,19.1,22.3,16.9,4.8,0.0,5.400000000000002
1259,2019년 6월 13일,19.6,23.0,15.5,3.5,0.0,7.5
1260,2019년 6월 14일,19.6,23.7,17.2,9.6,9.2,6.5
1261,2019년 6월 15일,20.6,25.3,17.2,7.5,1.0,8.100000000000001
1262,2019년 6월 16일,20.1,23.4,17.7,5.9,0.0,5.699999999999999
1263,2019년 6월 17일,20.8,24.6,17.6,7.0,0.0,7.0
1264,2019년 6월 18일,21.7,24.8,19.5,8.6,0.2,5.300000000000001
1265,2019년 6월 19일,23.4,27.3,19.3,4.4,0.0,8.0
1266,2019년 6월 20일,24.3,27.5,21.6,3.4,0.0,5.899999999999999
1267,2019년 6월 21일,23.3,26.8,21.0,5.3,0.0,5.800000000000001
1268,2019년 6월 22일,21.3,25.0,19.1,6.1,0.0,5.899999999999999
1269,2019년 6월 23일,20.9,24.8,18.4,5.0,0.0,6.400000000000002
1270,2019년 6월 24일,20.9,24.5,18.0,2.1,0.0,6.5
1271,2019년 6월 25일,21.9,26.8,18.5,4.1,0.0,8.3
1272,2019년 6월 26일,20.9,21.8,19.6,9.4,112.5,2.1999999999999997
1273,2019년 6월 27일,22.4,24.4,20.7,9.4,36.5,3.6999999999999993
1274,2019년 6월 28일,22.2,25.5,20.8,8.9,0.0,4.699999999999999
1275,2019년 6월 29일,21.4,23.7,20.0,9.8,91.0,3.6999999999999993
1276,2019년 6월 30일,23.3,28.1,21.3,7.8,0.2,6.800000000000001
1277,2019년 7월 1일,23.1,27.8,21.3,8.8,0.0,6.5
1278,2019년 7월 2일,23.4,26.4,20.9,7.4,0.0,5.5
1279,2019년 7월 3일,21.9,24.1,20.4,7.9,0.0,3.700000000000003
1280,2019년 7월 4일,24.2,28.3,19.8,4.8,0.0,8.5
1281,2019년 7월 5일,23.8,26.9,20.6,6.0,0.0,6.299999999999997
1282,2019년 7월 6일,24.3,28.9,20.7,2.0,0.0,8.2
1283,2019년 7월 7일,23.0,26.5,20.8,6.6,0.0,5.699999999999999
1284,2019년 7월 8일,22.2,26.9,20.5,8.6,0.0,6.399999999999999
1285,2019년 7월 9일,22.2,26.1,20.2,8.9,0.0,5.900000000000002
1286,2019년 7월 10일,21.7,22.7,20.7,9.9,35.1,2.0
1287,2019년 7월 11일,23.8,27.2,21.6,6.6,4.5,5.599999999999998
1288,2019년 7월 12일,24.1,28.9,21.5,7.5,0.0,7.399999999999999
1289,2019년 7월 13일,22.3,23.5,21.0,9.6,0.0,2.5
1290,2019년 7월 14일,23.6,26.8,20.6,6.3,0.0,6.199999999999999
1291,2019년 7월 15일,23.6,26.6,21.8,6.6,0.0,4.800000000000001
1292,2019년 7월 16일,23.8,27.1,21.0,2.3,0.0,6.100000000000001
1293,2019년 7월 17일,23.8,27.8,21.2,7.6,2.8,6.600000000000001
1294,2019년 7월 18일,22.3,23.0,21.2,10.0,38.5,1.8000000000000007
1295,2019년 7월 19일,23.1,23.7,22.7,10.0,57.7,1.0
1296,2019년 7월 20일,23.4,23.9,23.0,10.0,172.2,0.8999999999999986
1297,2019년 7월 21일,23.6,26.0,22.2,7.5,38.4,3.8000000000000007
1298,2019년 7월 22일,25.8,29.1,22.9,4.9,0.0,6.200000000000003
1299,2019년 7월 23일,26.6,29.9,24.9,6.9,0.0,5.0
1300,2019년 7월 24일,26.0,29.3,24.6,8.6,0.0,4.699999999999999
1301,2019년 7월 25일,25.6,27.7,24.9,9.6,0.1,2.8000000000000007
1302,2019년 7월 26일,25.8,26.8,24.7,9.0,0.0,2.1000000000000014
1303,2019년 7월 27일,25.9,26.9,24.7,9.6,7.3,2.1999999999999997
1304,2019년 7월 28일,26.9,29.1,25.7,6.6,0.0,3.400000000000002
1305,2019년 7월 29일,27.0,30.3,25.2,5.6,2.3,5.100000000000001
1306,2019년 7월 30일,27.7,30.5,25.5,5.0,0.0,5.0
1307,2019년 7월 31일,28.0,30.9,26.2,2.5,0.0,4.699999999999999
1308,2019년 8월 1일,28.1,31.3,25.6,0.9,0.0,5.699999999999999
1309,2019년 8월 2일,29.4,33.0,26.7,1.3,0.0,6.300000000000001
1310,2019년 8월 3일,28.9,32.7,26.3,3.8,0.0,6.400000000000002
1311,2019년 8월 4일,28.8,32.2,26.4,2.0,0.0,5.800000000000004
1312,2019년 8월 5일,28.8,32.8,26.1,4.5,0.0,6.699999999999996
1313,2019년 8월 6일,25.8,29.8,23.2,8.6,72.5,6.600000000000001
1314,2019년 8월 7일,27.5,30.9,23.4,4.3,1.2,7.5
1315,2019년 8월 8일,28.7,32.5,25.9,4.3,0.0,6.600000000000001
1316,2019년 8월 9일,28.9,32.5,26.6,6.3,0.0,5.899999999999999
1317,2019년 8월 10일,28.3,32.3,26.0,5.5,0.0,6.299999999999997
1318,2019년 8월 11일,28.0,30.6,26.3,6.9,0.0,4.300000000000001
1319,2019년 8월 12일,29.3,31.9,27.0,5.4,0.0,4.899999999999999
1320,2019년 8월 13일,30.6,35.0,27.1,3.5,0.0,7.899999999999999
1321,2019년 8월 14일,29.4,33.3,26.5,7.6,0.2,6.799999999999997
1322,2019년 8월 15일,27.4,28.5,26.7,9.0,6.2,1.8000000000000007
1323,2019년 8월 16일,28.2,31.6,26.3,4.8,0.0,5.300000000000001
1324,2019년 8월 17일,27.2,29.9,24.5,0.0,0.0,5.399999999999999
1325,2019년 8월 18일,27.3,29.8,25.2,3.8,0.0,4.600000000000001
1326,2019년 8월 19일,27.2,30.2,25.2,7.3,0.0,5.0
1327,2019년 8월 20일,26.8,30.3,25.1,8.3,0.0,5.199999999999999
1328,2019년 8월 21일,26.6,29.4,25.0,9.3,23.0,4.399999999999999
1329,2019년 8월 22일,26.1,27.3,25.0,9.3,45.1,2.3000000000000007
1330,2019년 8월 23일,25.5,28.2,23.5,7.3,0.0,4.699999999999999
1331,2019년 8월 24일,25.0,28.3,21.6,6.0,0.0,6.699999999999999
1332,2019년 8월 25일,24.3,27.6,22.7,6.8,0.0,4.900000000000002
1333,2019년 8월 26일,25.2,28.8,21.8,5.5,0.0,7.0
1334,2019년 8월 27일,23.5,25.1,22.2,10.0,4.7,2.900000000000002
1335,2019년 8월 28일,24.1,26.3,22.7,9.5,2.2,3.6000000000000014
1336,2019년 8월 29일,23.1,24.3,22.1,9.5,1.2,2.1999999999999997
1337,2019년 8월 30일,24.6,28.9,20.3,4.0,0.0,8.599999999999998
1338,2019년 8월 31일,24.4,28.3,21.0,4.3,0.0,7.300000000000001
1339,2019년 9월 1일,23.7,27.7,21.4,9.5,2.3,6.300000000000001
1340,2019년 9월 2일,21.4,22.9,20.2,10.0,40.4,2.6999999999999997
1341,2019년 9월 3일,23.0,25.8,21.9,10.0,5.8,3.900000000000002
1342,2019년 9월 4일,24.5,26.8,22.0,9.3,1.3,4.800000000000001
1343,2019년 9월 5일,26.5,29.3,24.0,7.3,0.0,5.300000000000001
1344,2019년 9월 6일,27.0,28.8,25.6,8.9,0.0,3.1999999999999997
1345,2019년 9월 7일,26.0,27.3,24.1,8.8,12.3,3.1999999999999997
1346,2019년 9월 8일,25.3,29.1,23.5,8.4,1.3,5.600000000000001
1347,2019년 9월 9일,27.0,30.5,23.9,6.1,0.0,6.600000000000001
1348,2019년 9월 10일,26.7,29.2,25.2,7.1,0.0,4.0
1349,2019년 9월 11일,25.1,29.2,23.3,9.3,13.4,5.899999999999999
1350,2019년 9월 12일,21.6,23.6,19.9,9.4,3.9,3.700000000000003
1351,2019년 9월 13일,23.2,27.4,20.5,3.8,0.0,6.899999999999999
1352,2019년 9월 14일,23.8,27.7,20.1,1.4,0.0,7.599999999999998
1353,2019년 9월 15일,24.9,29.3,21.5,3.1,0.0,7.800000000000001
1354,2019년 9월 16일,23.4,28.0,20.2,3.6,0.0,7.800000000000001
1355,2019년 9월 17일,22.9,28.1,19.6,0.8,0.0,8.5
1356,2019년 9월 18일,22.9,28.2,19.6,3.4,0.0,8.599999999999998
1357,2019년 9월 19일,21.6,25.6,18.7,1.1,0.0,6.900000000000002
1358,2019년 9월 20일,21.5,26.5,18.0,7.8,0.3,8.5
1359,2019년 9월 21일,18.2,20.6,17.2,10.0,30.4,3.400000000000002
1360,2019년 9월 22일,18.2,19.1,17.1,10.0,81.6,2.0
1361,2019년 9월 23일,17.9,20.7,16.7,9.9,2.5,4.0
1362,2019년 9월 24일,19.4,24.2,15.8,1.6,0.0,8.399999999999999
1363,2019년 9월 25일,20.4,25.4,15.8,5.1,0.0,9.599999999999998
1364,2019년 9월 26일,22.9,27.8,19.1,4.3,0.0,8.7
1365,2019년 9월 27일,22.1,26.1,20.6,9.6,15.3,5.5
1366,2019년 9월 28일,22.4,26.1,21.3,9.4,68.2,4.800000000000001
1367,2019년 9월 29일,23.9,28.8,21.3,5.0,0.0,7.5
1368,2019년 9월 30일,24.1,27.7,22.5,7.6,0.0,5.199999999999999
1369,2019년 10월 1일,22.4,23.3,21.6,9.9,9.8,1.6999999999999993
1370,2019년 10월 2일,22.7,23.8,21.6,10.0,94.8,2.1999999999999997
1371,2019년 10월 3일,24.6,28.8,22.3,4.9,1.8,6.5
1372,2019년 10월 4일,22.9,25.8,20.2,1.5,0.0,5.600000000000001
1373,2019년 10월 5일,21.7,26.4,18.5,8.0,1.2,7.899999999999999
1374,2019년 10월 6일,18.7,22.8,16.4,6.0,0.0,6.400000000000002
1375,2019년 10월 7일,18.3,21.2,16.4,9.5,1.4,4.800000000000001
1376,2019년 10월 8일,18.9,24.0,16.0,3.8,0.0,8.0
1377,2019년 10월 9일,17.5,23.2,12.6,0.0,0.0,10.6
1378,2019년 10월 10일,19.4,24.5,14.1,0.8,0.0,10.4
1379,2019년 10월 11일,21.1,27.0,16.7,1.0,0.0,10.3
1380,2019년 10월 12일,19.9,24.5,16.5,2.3,0.0,8.0
1381,2019년 10월 13일,18.0,23.0,15.1,2.0,0.0,7.9
1382,2019년 10월 14일,18.3,23.0,14.3,0.5,0.0,8.7
1383,2019년 10월 15일,15.6,18.9,13.4,6.3,0.0,5.499999999999998
1384,2019년 10월 16일,16.2,21.4,12.5,4.1,0.0,8.899999999999999
1385,2019년 10월 17일,17.1,21.2,14.1,7.4,0.0,7.1
1386,2019년 10월 18일,16.8,17.7,15.5,9.6,29.5,2.1999999999999997
1387,2019년 10월 19일,19.1,24.0,15.8,5.0,0.0,8.2
1388,2019년 10월 20일,18.7,23.6,14.9,3.5,0.0,8.700000000000001
1389,2019년 10월 21일,18.6,23.7,15.2,1.9,0.0,8.5
1390,2019년 10월 22일,19.0,23.8,16.1,5.5,0.0,7.699999999999999
1391,2019년 10월 23일,18.0,20.8,16.3,9.4,1.4,4.5
1392,2019년 10월 24일,18.4,21.2,16.4,9.0,0.0,4.800000000000001
1393,2019년 10월 25일,19.6,24.9,16.8,6.4,0.0,8.099999999999998
1394,2019년 10월 26일,17.5,21.4,13.9,5.4,0.0,7.499999999999998
1395,2019년 10월 27일,14.0,18.7,10.4,4.6,0.0,8.299999999999999
1396,2019년 10월 28일,15.4,19.9,10.7,3.9,0.0,9.2
1397,2019년 10월 29일,16.4,21.2,13.3,0.4,0.0,7.899999999999999
1398,2019년 10월 30일,14.6,20.4,10.6,0.0,0.0,9.8
1399,2019년 10월 31일,16.2,22.4,11.0,0.0,0.0,11.4
1400,2019년 11월 1일,17.5,24.0,13.4,0.6,0.0,10.6
1401,2019년 11월 2일,17.5,22.6,14.4,4.8,0.0,8.200000000000001
1402,2019년 11월 3일,16.4,22.3,14.0,6.3,2.3,8.3
1403,2019년 11월 4일,14.3,19.7,12.3,3.6,0.0,7.399999999999999
1404,2019년 11월 5일,15.2,20.7,10.8,0.0,0.0,9.9
1405,2019년 11월 6일,15.8,21.3,11.7,1.8,0.0,9.6
1406,2019년 11월 7일,14.4,19.2,11.7,4.0,0.0,7.5
1407,2019년 11월 8일,13.8,19.0,10.7,0.0,0.0,8.3
1408,2019년 11월 9일,14.3,20.2,9.0,0.0,0.0,11.2
1409,2019년 11월 10일,14.3,18.3,10.0,6.8,1.7,8.3
1410,2019년 11월 11일,14.8,19.7,11.8,1.3,0.0,7.899999999999999
1411,2019년 11월 12일,14.2,19.1,10.9,2.9,0.0,8.200000000000001
1412,2019년 11월 13일,13.9,16.3,9.9,6.0,0.0,6.4
1413,2019년 11월 14일,7.6,14.4,4.8,0.0,0.0,9.6
1414,2019년 11월 15일,11.2,16.4,5.6,0.0,0.0,10.8
1415,2019년 11월 16일,15.1,19.8,11.1,0.6,0.0,8.700000000000001
1416,2019년 11월 17일,16.3,19.1,12.3,9.3,2.0,6.800000000000001
1417,2019년 11월 18일,13.2,19.5,6.7,8.6,6.8,12.8
1418,2019년 11월 19일,6.7,10.8,3.8,2.8,0.0,7.000000000000001
1419,2019년 11월 20일,6.2,12.4,2.0,0.0,0.0,10.4
1420,2019년 11월 21일,10.6,16.3,4.0,2.4,0.0,12.3
1421,2019년 11월 22일,14.5,20.3,10.1,2.3,0.0,10.2
1422,2019년 11월 23일,15.5,20.5,12.2,2.8,0.0,8.3
1423,2019년 11월 24일,16.0,18.9,13.4,8.0,1.0,5.499999999999998
1424,2019년 11월 25일,11.6,16.6,9.5,7.4,0.0,7.100000000000001
1425,2019년 11월 26일,11.4,16.7,8.8,4.4,0.0,7.899999999999999
1426,2019년 11월 27일,10.1,11.7,8.8,8.8,0.0,2.8999999999999986
1427,2019년 11월 28일,9.0,12.9,6.3,6.9,0.0,6.6000000000000005
1428,2019년 11월 29일,8.4,14.0,5.0,0.0,0.0,9.0
1429,2019년 11월 30일,11.1,15.7,6.5,4.9,0.0,9.2
1430,2019년 12월 1일,9.5,12.1,6.5,10.0,33.3,5.6
1431,2019년 12월 2일,6.6,10.5,2.6,2.5,2.5,7.9
1432,2019년 12월 3일,4.6,9.2,0.3,1.6,0.0,8.899999999999999
1433,2019년 12월 4일,7.2,11.3,4.6,0.4,0.0,6.700000000000001
1434,2019년 12월 5일,4.6,9.6,0.0,2.6,0.0,9.6
1435,2019년 12월 6일,0.2,4.7,-2.8,4.9,0.0,7.5
1436,2019년 12월 7일,3.6,9.7,-2.2,0.0,0.0,11.9
1437,2019년 12월 8일,6.1,12.0,2.4,0.0,0.0,9.6
1438,2019년 12월 9일,7.8,13.4,3.7,0.0,0.0,9.7
1439,2019년 12월 10일,11.5,16.3,6.8,2.0,0.0,9.5
1440,2019년 12월 11일,12.1,16.6,5.8,2.9,0.0,10.8
1441,2019년 12월 12일,4.9,9.3,2.2,0.0,0.0,7.1000000000000005
1442,2019년 12월 13일,6.8,10.5,2.3,3.5,0.0,8.2
1443,2019년 12월 14일,8.5,12.7,6.2,1.9,0.0,6.499999999999999
1444,2019년 12월 15일,9.1,14.5,6.8,4.9,0.0,7.7
1445,2019년 12월 16일,10.8,16.4,6.3,4.3,0.0,10.099999999999998
1446,2019년 12월 17일,12.8,16.6,9.1,6.1,0.0,7.500000000000002
1447,2019년 12월 18일,10.4,15.7,8.0,3.9,0.0,7.699999999999999
1448,2019년 12월 19일,6.6,12.2,3.6,6.1,0.0,8.6
1449,2019년 12월 20일,5.0,9.4,1.2,3.3,0.0,8.200000000000001
1450,2019년 12월 21일,4.3,6.3,1.7,6.6,0.0,4.6
1451,2019년 12월 22일,6.5,10.0,4.2,6.3,0.0,5.8
1452,2019년 12월 23일,8.2,12.9,5.0,0.5,0.0,7.9
1453,2019년 12월 24일,7.7,14.3,3.0,3.0,0.0,11.3
1454,2019년 12월 25일,10.7,16.3,5.4,3.3,0.0,10.9
1455,2019년 12월 26일,7.8,12.2,4.0,7.9,1.7,8.2
1456,2019년 12월 27일,3.6,9.0,0.4,0.0,0.0,8.6
1457,2019년 12월 28일,4.1,9.4,-0.3,0.0,0.0,9.7
1458,2019년 12월 29일,6.5,9.5,2.6,8.6,11.4,6.9
1459,2019년 12월 30일,9.6,14.0,7.1,5.3,1.4,6.9
1460,2019년 12월 31일,0.1,7.1,-2.5,0.0,0.0,9.6
1461,2020년 1월 1일,1.9,7.8,-3.2,1.0,0.0,11.0
1462,2020년 1월 2일,4.1,9.6,0.5,0.4,0.0,9.1
1463,2020년 1월 3일,5.9,11.6,2.3,0.1,0.0,9.3
1464,2020년 1월 4일,5.5,9.7,2.0,2.5,0.0,7.699999999999999
1465,2020년 1월 5일,7.4,13.5,2.6,1.0,0.0,10.9
1466,2020년 1월 6일,7.8,9.0,5.5,9.8,10.7,3.5
1467,2020년 1월 7일,14.4,17.7,9.0,10.0,26.3,8.7
1468,2020년 1월 8일,8.8,15.0,4.9,4.1,0.0,10.1
1469,2020년 1월 9일,5.3,9.8,2.3,4.5,0.0,7.500000000000001
1470,2020년 1월 10일,5.9,12.3,0.9,1.6,0.0,11.4
1471,2020년 1월 11일,5.9,10.5,1.9,3.6,0.0,8.6
1472,2020년 1월 12일,4.6,8.8,2.0,2.9,0.0,6.800000000000001
1473,2020년 1월 13일,3.5,8.1,1.0,1.3,0.0,7.1
1474,2020년 1월 14일,2.1,5.5,-0.3,6.1,0.0,5.8
1475,2020년 1월 15일,2.4,7.0,-0.4,0.3,0.0,7.4
1476,2020년 1월 16일,3.8,9.5,-0.3,7.5,0.0,9.8
1477,2020년 1월 17일,6.4,11.8,3.2,7.3,0.0,8.600000000000001
1478,2020년 1월 18일,5.3,9.8,1.4,8.0,2.6,8.4
1479,2020년 1월 19일,4.9,9.4,2.1,3.5,0.0,7.300000000000001
1480,2020년 1월 20일,5.1,9.8,1.6,0.1,0.0,8.200000000000001
1481,2020년 1월 21일,5.0,10.3,0.1,1.6,0.0,10.2
1482,2020년 1월 22일,7.7,9.3,4.8,9.9,9.6,4.500000000000001
1483,2020년 1월 23일,8.8,10.1,8.1,9.8,4.9,2.0
1484,2020년 1월 24일,10.2,15.9,5.9,6.6,0.0,10.0
1485,2020년 1월 25일,9.1,11.6,8.0,9.6,0.0,3.6
1486,2020년 1월 26일,9.5,13.8,7.4,9.3,0.0,6.4
1487,2020년 1월 27일,6.7,10.0,4.8,10.0,73.3,5.2
1488,2020년 1월 28일,8.9,13.1,6.0,8.6,0.3,7.1
1489,2020년 1월 29일,8.5,13.0,6.6,9.3,0.0,6.4
1490,2020년 1월 30일,7.1,12.9,4.2,6.3,0.0,8.7
1491,2020년 1월 31일,6.3,11.2,2.3,2.9,0.0,8.899999999999999
1492,2020년 2월 1일,5.6,10.4,1.5,0.5,0.0,8.9
1493,2020년 2월 2일,7.1,11.7,3.3,1.6,0.0,8.399999999999999
1494,2020년 2월 3일,5.6,10.4,2.4,1.8,0.0,8.0
1495,2020년 2월 4일,5.2,10.1,0.3,0.0,0.0,9.8
1496,2020년 2월 5일,1.8,5.0,-2.4,0.0,0.0,7.4
1497,2020년 2월 6일,1.2,7.1,-5.0,3.9,0.0,12.1
1498,2020년 2월 7일,5.0,10.4,2.1,5.5,0.0,8.3
1499,2020년 2월 8일,4.1,9.4,0.4,0.4,0.0,9.0
1500,2020년 2월 9일,3.8,8.9,-0.7,0.4,0.0,9.6
1501,2020년 2월 10일,6.3,12.2,0.7,0.3,0.0,11.5
1502,2020년 2월 11일,9.7,14.5,4.4,5.3,0.0,10.1
1503,2020년 2월 12일,11.7,14.1,9.9,8.8,32.7,4.199999999999999
1504,2020년 2월 13일,11.4,16.2,8.1,2.8,0.0,8.1
1505,2020년 2월 14일,12.3,18.1,9.2,3.3,0.0,8.900000000000002
1506,2020년 2월 15일,12.8,17.3,9.7,7.3,0.0,7.600000000000001
1507,2020년 2월 16일,7.0,13.7,0.8,6.0,4.1,12.9
1508,2020년 2월 17일,0.1,3.0,-3.0,1.9,0.0,6.0
1509,2020년 2월 18일,1.2,7.9,-4.5,0.0,0.0,12.4
1510,2020년 2월 19일,6.1,12.5,0.1,4.8,0.0,12.4
1511,2020년 2월 20일,9.3,14.7,4.6,1.9,0.0,10.1
1512,2020년 2월 21일,11.0,16.0,5.5,6.0,4.1,10.5
1513,2020년 2월 22일,9.5,12.9,5.1,2.3,0.7,7.800000000000001
1514,2020년 2월 23일,6.0,11.7,1.1,0.0,0.0,10.6
1515,2020년 2월 24일,10.8,15.7,5.5,5.0,0.0,10.2
1516,2020년 2월 25일,9.7,12.7,7.9,10.0,49.8,4.799999999999999
1517,2020년 2월 26일,9.5,14.1,6.8,9.5,1.8,7.3
1518,2020년 2월 27일,6.8,10.7,4.7,7.3,1.5,5.999999999999999
1519,2020년 2월 28일,6.9,8.9,4.8,9.0,0.2,4.1000000000000005
1520,2020년 2월 29일,9.5,13.0,7.0,7.6,0.0,6.0
1521,2020년 3월 1일,10.8,15.6,7.2,6.0,0.0,8.399999999999999
1522,2020년 3월 2일,8.5,14.7,5.2,4.4,0.0,9.5
1523,2020년 3월 3일,8.7,12.6,5.6,7.5,0.0,7.0
1524,2020년 3월 4일,7.9,13.0,1.7,4.0,0.0,11.3
1525,2020년 3월 5일,5.1,11.5,-0.3,0.0,0.0,11.8
1526,2020년 3월 6일,8.1,12.6,3.2,1.3,0.0,9.4
1527,2020년 3월 7일,8.2,11.8,6.1,8.6,7.0,5.700000000000001
1528,2020년 3월 8일,10.4,16.4,5.5,0.4,0.0,10.9
1529,2020년 3월 9일,11.0,15.2,7.4,9.4,11.0,7.799999999999999
1530,2020년 3월 10일,9.9,12.1,7.3,8.3,13.9,4.8
1531,2020년 3월 11일,7.8,13.5,3.6,0.0,0.0,9.9
1532,2020년 3월 12일,9.5,14.5,3.6,1.5,0.0,10.9
1533,2020년 3월 13일,11.6,17.0,8.5,6.8,0.0,8.5
1534,2020년 3월 14일,8.2,12.0,4.7,2.1,0.0,7.3
1535,2020년 3월 15일,7.7,12.7,2.9,2.4,0.0,9.8
1536,2020년 3월 16일,6.6,11.8,1.1,1.0,0.0,10.7
1537,2020년 3월 17일,11.1,15.9,6.0,2.1,0.0,9.9
1538,2020년 3월 18일,12.2,17.3,7.7,0.0,0.0,9.6
1539,2020년 3월 19일,12.6,18.2,7.4,1.5,0.0,10.8
1540,2020년 3월 20일,10.4,14.8,6.4,0.0,0.0,8.4
1541,2020년 3월 21일,13.7,17.9,9.8,0.9,0.0,8.099999999999998
1542,2020년 3월 22일,14.1,17.5,11.0,5.0,0.0,6.5
1543,2020년 3월 23일,12.6,17.1,8.8,0.0,0.0,8.3
1544,2020년 3월 24일,11.5,15.3,8.6,2.0,0.0,6.700000000000001
1545,2020년 3월 25일,13.0,17.9,7.6,2.4,0.0,10.3
1546,2020년 3월 26일,14.5,16.3,12.1,9.8,24.6,4.200000000000001
1547,2020년 3월 27일,13.7,16.8,9.7,10.0,1.9,7.100000000000001
1548,2020년 3월 28일,9.4,13.0,7.7,9.1,0.4,5.3
1549,2020년 3월 29일,10.4,15.1,6.4,7.0,0.0,8.7
1550,2020년 3월 30일,11.6,15.7,8.6,6.3,0.0,7.1
1551,2020년 3월 31일,12.9,18.0,8.5,3.4,0.0,9.5
1552,2020년 4월 1일,12.5,17.1,10.8,6.5,2.7,6.300000000000001
1553,2020년 4월 2일,11.5,16.2,7.2,3.3,0.0,9.0
1554,2020년 4월 3일,13.8,19.1,9.6,1.9,0.0,9.500000000000002
1555,2020년 4월 4일,12.8,19.6,8.5,2.0,0.0,11.1
1556,2020년 4월 5일,9.7,14.1,5.6,0.1,0.0,8.5
1557,2020년 4월 6일,11.7,15.1,7.3,3.9,0.0,7.8
1558,2020년 4월 7일,14.5,20.6,9.5,1.4,0.0,11.1
1559,2020년 4월 8일,13.3,19.1,9.2,0.6,0.0,9.900000000000002
1560,2020년 4월 9일,11.8,18.0,8.0,1.0,0.0,10.0
1561,2020년 4월 10일,10.0,12.2,8.3,8.5,0.0,3.899999999999999
1562,2020년 4월 11일,10.5,14.2,7.9,9.5,2.9,6.299999999999999
1563,2020년 4월 12일,9.0,11.9,7.2,9.8,12.0,4.7
1564,2020년 4월 13일,10.1,15.5,6.8,5.5,0.0,8.7
1565,2020년 4월 14일,15.1,21.1,8.8,1.3,0.0,12.3
1566,2020년 4월 15일,14.5,18.4,12.0,6.9,0.0,6.399999999999999
1567,2020년 4월 16일,12.9,16.7,10.5,5.3,0.0,6.199999999999999
1568,2020년 4월 17일,12.2,13.1,11.3,8.8,32.6,1.799999999999999
1569,2020년 4월 18일,13.9,20.6,10.2,4.4,0.0,10.400000000000002
1570,2020년 4월 19일,11.8,14.7,10.5,9.9,33.2,4.199999999999999
1571,2020년 4월 20일,14.0,18.1,10.1,5.8,0.1,8.000000000000002
1572,2020년 4월 21일,12.2,18.8,8.1,5.5,0.0,10.7
1573,2020년 4월 22일,9.3,16.0,5.1,2.0,0.0,10.9
1574,2020년 4월 23일,10.3,16.9,4.4,0.8,0.0,12.499999999999998
1575,2020년 4월 24일,11.1,14.7,6.1,0.0,0.0,8.6
1576,2020년 4월 25일,14.8,18.3,10.1,0.0,0.0,8.200000000000001
1577,2020년 4월 26일,14.2,21.3,10.4,1.5,0.0,10.9
1578,2020년 4월 27일,13.7,19.5,9.5,2.9,0.0,10.0
1579,2020년 4월 28일,14.3,20.9,9.5,0.5,0.0,11.4
1580,2020년 4월 29일,16.2,24.4,11.4,0.0,0.0,12.999999999999998
1581,2020년 4월 30일,16.9,20.1,13.0,1.5,0.0,7.100000000000001
1582,2020년 5월 1일,19.5,22.7,16.7,2.4,0.0,6.0
1583,2020년 5월 2일,18.7,21.8,17.0,8.5,1.1,4.800000000000001
1584,2020년 5월 3일,16.8,17.9,16.2,10.0,21.3,1.6999999999999993
1585,2020년 5월 4일,19.0,25.0,15.8,5.1,0.0,9.2
1586,2020년 5월 5일,15.9,18.5,14.2,9.0,0.0,4.300000000000001
1587,2020년 5월 6일,17.9,21.8,14.0,2.3,0.0,7.800000000000001
1588,2020년 5월 7일,16.5,21.0,12.5,4.0,0.0,8.5
1589,2020년 5월 8일,17.4,21.1,12.3,6.3,0.0,8.8
1590,2020년 5월 9일,16.4,18.6,14.8,10.0,50.8,3.8000000000000007
1591,2020년 5월 10일,17.6,20.6,14.7,5.8,0.0,5.900000000000002
1592,2020년 5월 11일,18.8,25.4,15.3,1.0,0.0,10.099999999999998
1593,2020년 5월 12일,18.2,21.4,15.6,1.3,0.0,5.799999999999999
1594,2020년 5월 13일,17.9,22.8,12.5,0.1,0.0,10.3
1595,2020년 5월 14일,20.1,25.4,16.4,5.6,0.0,9.0
1596,2020년 5월 15일,16.3,18.8,14.3,10.0,14.8,4.5
1597,2020년 5월 16일,18.2,24.4,16.1,8.4,0.6,8.299999999999997
1598,2020년 5월 17일,18.2,21.6,15.9,8.4,0.0,5.700000000000001
1599,2020년 5월 18일,17.3,19.8,16.4,9.5,4.5,3.400000000000002
1600,2020년 5월 19일,15.6,19.0,13.3,3.9,2.1,5.699999999999999
1601,2020년 5월 20일,15.2,19.4,12.2,4.0,0.0,7.199999999999999
1602,2020년 5월 21일,14.9,18.1,13.2,7.9,0.0,4.900000000000002
1603,2020년 5월 22일,15.4,18.7,12.2,4.9,0.0,6.5
1604,2020년 5월 23일,16.8,20.9,12.8,2.1,0.0,8.099999999999998
1605,2020년 5월 24일,19.1,22.5,14.6,6.9,0.0,7.9
1606,2020년 5월 25일,19.4,23.2,16.8,8.6,0.0,6.399999999999999
1607,2020년 5월 26일,19.0,22.2,16.6,7.8,0.0,5.599999999999998
1608,2020년 5월 27일,19.4,26.0,16.4,4.9,0.0,9.6
1609,2020년 5월 28일,19.2,25.1,15.2,1.5,0.0,9.900000000000002
1610,2020년 5월 29일,19.7,24.5,15.7,3.0,0.0,8.8
1611,2020년 5월 30일,20.2,23.7,17.3,8.9,0.0,6.399999999999999
1612,2020년 5월 31일,19.6,23.6,17.3,9.1,1.0,6.300000000000001
1613,2020년 6월 1일,22.0,25.5,18.3,5.0,0.0,7.199999999999999
1614,2020년 6월 2일,21.1,25.1,18.0,3.1,0.0,7.100000000000001
1615,2020년 6월 3일,21.3,25.7,18.6,7.3,0.0,7.099999999999998
1616,2020년 6월 4일,22.9,26.6,20.3,5.5,0.0,6.300000000000001
1617,2020년 6월 5일,22.0,27.0,18.4,5.6,0.0,8.600000000000001
1618,2020년 6월 6일,21.0,26.6,17.7,7.3,0.0,8.900000000000002
1619,2020년 6월 7일,21.5,24.6,17.8,1.3,0.0,6.800000000000001
1620,2020년 6월 8일,23.3,28.0,18.0,0.0,0.0,10.0
1621,2020년 6월 9일,24.0,29.4,18.6,0.0,0.0,10.799999999999995
1622,2020년 6월 10일,24.7,28.9,20.9,4.3,0.0,8.0
1623,2020년 6월 11일,22.6,25.9,21.3,7.6,10.5,4.599999999999998
1624,2020년 6월 12일,22.6,25.8,21.1,8.8,2.3,4.699999999999999
1625,2020년 6월 13일,22.0,24.2,21.0,9.9,91.0,3.1999999999999997
1626,2020년 6월 14일,23.3,27.0,20.2,8.4,16.4,6.800000000000001
1627,2020년 6월 15일,23.8,29.0,20.3,4.6,0.0,8.7
1628,2020년 6월 16일,23.9,29.0,21.4,5.4,0.0,7.600000000000001
1629,2020년 6월 17일,22.3,26.2,19.7,8.8,0.0,6.5
1630,2020년 6월 18일,18.3,21.2,16.8,10.0,40.2,4.399999999999999
1631,2020년 6월 19일,21.8,27.1,18.3,7.4,0.8,8.8
1632,2020년 6월 20일,21.2,24.9,19.0,5.9,0.0,5.899999999999999
1633,2020년 6월 21일,21.2,25.3,18.0,2.0,0.0,7.300000000000001
1634,2020년 6월 22일,22.8,27.7,18.0,0.0,0.0,9.7
1635,2020년 6월 23일,23.8,29.0,19.9,3.6,0.0,9.1
1636,2020년 6월 24일,22.6,26.2,20.5,9.4,19.5,5.699999999999999
1637,2020년 6월 25일,22.0,24.6,20.9,9.9,35.3,3.700000000000003
1638,2020년 6월 26일,23.3,28.2,20.3,4.0,0.0,7.899999999999999
1639,2020년 6월 27일,23.2,27.9,20.2,6.5,0.0,7.699999999999999
1640,2020년 6월 28일,24.9,30.7,21.7,3.1,0.0,9.0
1641,2020년 6월 29일,21.6,25.2,18.9,8.8,99.2,6.300000000000001
1642,2020년 6월 30일,22.0,24.7,19.9,6.5,5.9,4.800000000000001
1643,2020년 7월 1일,20.8,24.3,19.1,7.1,0.0,5.199999999999999
1644,2020년 7월 2일,21.7,25.8,19.0,7.3,0.0,6.800000000000001
1645,2020년 7월 3일,20.6,22.1,18.7,9.4,7.8,3.400000000000002
1646,2020년 7월 4일,20.4,25.4,18.7,9.1,0.0,6.699999999999999
1647,2020년 7월 5일,22.2,25.9,19.1,8.3,0.0,6.799999999999997
1648,2020년 7월 6일,22.7,25.6,21.2,9.9,0.8,4.400000000000002
1649,2020년 7월 7일,22.7,25.1,21.6,8.0,0.6,3.5
1650,2020년 7월 8일,23.5,28.1,21.3,5.0,0.0,6.800000000000001
1651,2020년 7월 9일,22.2,25.5,20.6,9.1,2.1,4.899999999999999
1652,2020년 7월 10일,22.2,25.9,20.8,9.0,208.7,5.099999999999998
1653,2020년 7월 11일,21.6,24.3,20.2,8.8,0.0,4.100000000000001
1654,2020년 7월 12일,20.1,21.4,18.7,10.0,37.5,2.6999999999999997
1655,2020년 7월 13일,18.9,20.2,18.1,10.0,100.9,2.099999999999998
1656,2020년 7월 14일,19.3,20.7,18.7,10.0,5.2,2.0
1657,2020년 7월 15일,19.6,21.0,18.5,10.0,0.0,2.5
1658,2020년 7월 16일,21.3,24.2,18.7,4.6,0.0,5.5
1659,2020년 7월 17일,21.8,25.9,17.8,1.0,0.0,8.099999999999998
1660,2020년 7월 18일,22.2,25.5,18.9,8.0,0.0,6.600000000000001
1661,2020년 7월 19일,23.2,25.2,21.4,10.0,0.5,3.8000000000000007
1662,2020년 7월 20일,24.9,26.4,23.7,9.1,1.1,2.6999999999999997
1663,2020년 7월 21일,24.9,28.6,22.6,8.4,3.4,6.0
1664,2020년 7월 22일,22.5,23.9,21.4,10.0,105.3,2.5
1665,2020년 7월 23일,21.8,23.0,21.2,10.0,176.2,1.8000000000000007
1666,2020년 7월 24일,21.6,24.1,20.1,8.9,2.3,4.0
1667,2020년 7월 25일,21.3,23.7,20.0,9.1,1.5,3.6999999999999993
1668,2020년 7월 26일,23.9,27.1,20.2,4.3,0.0,6.900000000000002
1669,2020년 7월 27일,22.6,24.7,21.5,9.9,32.1,3.1999999999999997
1670,2020년 7월 28일,21.9,22.8,21.5,10.0,46.5,1.3000000000000007
1671,2020년 7월 29일,23.2,24.8,21.9,10.0,14.3,2.900000000000002
1672,2020년 7월 30일,24.0,27.9,22.0,8.9,50.0,5.899999999999999
1673,2020년 7월 31일,26.1,30.6,22.8,7.4,0.0,7.800000000000001
1674,2020년 8월 1일,26.9,30.0,24.3,7.9,0.0,5.699999999999999
1675,2020년 8월 2일,26.8,30.0,24.2,8.1,0.0,5.800000000000001
1676,2020년 8월 3일,26.9,29.3,25.2,8.0,0.0,4.100000000000001
1677,2020년 8월 4일,27.0,29.4,25.1,5.1,0.0,4.299999999999997
1678,2020년 8월 5일,26.6,29.2,25.4,8.6,0.0,3.8000000000000007
1679,2020년 8월 6일,26.1,27.4,24.5,10.0,6.3,2.8999999999999986
1680,2020년 8월 7일,25.6,27.8,23.6,9.6,107.0,4.199999999999999
1681,2020년 8월 8일,24.9,26.4,23.7,10.0,163.1,2.6999999999999997
1682,2020년 8월 9일,25.8,28.5,23.9,8.5,15.1,4.600000000000001
1683,2020년 8월 10일,25.6,28.5,23.5,9.4,12.5,5.0
1684,2020년 8월 11일,26.2,29.8,23.5,8.3,10.5,6.300000000000001
1685,2020년 8월 12일,25.9,28.2,24.6,7.1,36.6,3.599999999999998
1686,2020년 8월 13일,27.6,31.2,24.4,2.9,0.0,6.800000000000001
1687,2020년 8월 14일,27.9,30.2,26.2,5.3,0.0,4.0
1688,2020년 8월 15일,28.1,31.5,24.7,2.8,0.0,6.800000000000001
1689,2020년 8월 16일,28.2,31.3,25.5,2.9,0.0,5.800000000000001
1690,2020년 8월 17일,28.4,33.1,26.0,2.5,0.0,7.100000000000001
1691,2020년 8월 18일,28.7,31.6,26.1,0.9,0.0,5.5
1692,2020년 8월 19일,29.1,33.2,26.3,0.6,0.0,6.900000000000002
1693,2020년 8월 20일,29.4,33.2,26.5,0.0,0.0,6.700000000000003
1694,2020년 8월 21일,26.7,30.7,23.6,1.4,0.0,7.099999999999998
1695,2020년 8월 22일,27.0,30.8,24.2,7.3,0.0,6.600000000000001
1696,2020년 8월 23일,27.1,30.6,24.7,5.9,0.0,5.900000000000002
1697,2020년 8월 24일,28.0,32.0,24.8,1.8,0.0,7.199999999999999
1698,2020년 8월 25일,29.3,32.8,25.8,2.8,0.0,6.9999999999999964
1699,2020년 8월 26일,28.7,31.2,27.6,8.3,0.0,3.599999999999998
1700,2020년 8월 27일,26.2,28.5,23.4,9.9,27.4,5.100000000000001
1701,2020년 8월 28일,26.9,31.3,25.0,7.6,17.6,6.300000000000001
1702,2020년 8월 29일,27.5,31.4,24.0,5.1,3.1,7.399999999999999
1703,2020년 8월 30일,28.5,33.1,25.7,5.5,0.0,7.400000000000002
1704,2020년 8월 31일,26.2,29.7,24.3,7.6,0.0,5.399999999999999
1705,2020년 9월 1일,26.4,30.6,23.7,8.0,0.0,6.900000000000002
1706,2020년 9월 2일,26.8,28.9,25.4,10.0,29.5,3.5
1707,2020년 9월 3일,25.9,29.3,23.2,4.0,28.9,6.100000000000001
1708,2020년 9월 4일,24.4,27.9,20.9,1.8,0.0,7.0
1709,2020년 9월 5일,19.9,22.6,17.9,9.9,36.3,4.700000000000003
1710,2020년 9월 6일,20.9,22.0,18.7,9.9,7.4,3.3000000000000007
1711,2020년 9월 7일,22.9,24.1,20.7,8.1,113.6,3.400000000000002
1712,2020년 9월 8일,24.3,26.8,22.2,4.4,0.0,4.600000000000001
1713,2020년 9월 9일,24.0,27.3,22.2,4.3,0.0,5.100000000000001
1714,2020년 9월 10일,24.0,27.1,21.6,6.1,0.0,5.5
1715,2020년 9월 11일,22.8,27.3,20.6,9.4,2.7,6.699999999999999
1716,2020년 9월 12일,21.7,26.2,19.7,8.4,1.5,6.5
1717,2020년 9월 13일,20.2,24.6,18.8,8.6,0.0,5.800000000000001
1718,2020년 9월 14일,21.9,26.0,18.6,4.0,0.0,7.399999999999999
1719,2020년 9월 15일,23.3,27.0,20.7,5.9,0.0,6.300000000000001
1720,2020년 9월 16일,22.6,24.1,21.5,9.9,1.2,2.6000000000000014
1721,2020년 9월 17일,21.0,23.2,17.9,9.8,7.2,5.300000000000001
1722,2020년 9월 18일,19.5,21.4,17.5,7.6,2.2,3.899999999999999
1723,2020년 9월 19일,21.6,26.1,16.9,3.3,0.0,9.200000000000005
1724,2020년 9월 20일,21.5,26.6,17.5,0.1,0.0,9.1
1725,2020년 9월 21일,20.0,25.0,16.3,4.1,0.0,8.7
1726,2020년 9월 22일,19.5,23.5,17.4,5.4,0.0,6.100000000000001
1727,2020년 9월 23일,20.2,23.1,17.4,7.8,0.0,5.700000000000003
1728,2020년 9월 24일,21.2,25.7,18.4,7.8,0.0,7.300000000000001
1729,2020년 9월 25일,21.3,25.5,18.0,4.9,0.0,7.5
1730,2020년 9월 26일,20.5,26.4,17.5,4.5,0.0,8.899999999999999
1731,2020년 9월 27일,20.0,25.6,16.9,3.1,0.0,8.700000000000003
1732,2020년 9월 28일,19.4,24.1,16.0,2.3,0.0,8.100000000000001
0,2020년 9월 29일,17.1,25.3,10.2,5.0,0.0,15.100000000000001
1,2020년 9월 30일,18.2,25.1,12.2,5.5,0.0,12.900000000000002
2,2020년 10월 1일,19.8,25.7,14.1,5.3,0.0,11.6
3,2020년 10월 2일,19.8,25.5,14.5,6.0,0.0,11.0
4,2020년 10월 3일,19.6,25.9,15.9,9.0,1.7,9.999999999999998
5,2020년 10월 4일,17.2,20.5,13.7,9.8,1.4,6.800000000000001
6,2020년 10월 5일,13.9,19.6,7.6,5.1,0.0,12.000000000000002
7,2020년 10월 6일,14.0,21.0,7.7,3.9,0.0,13.3
8,2020년 10월 7일,16.6,22.8,10.0,4.8,0.0,12.8
9,2020년 10월 8일,17.9,22.1,14.9,0.5,0.0,7.200000000000001
10,2020년 10월 9일,18.3,22.4,14.6,3.0,0.0,7.799999999999999
11,2020년 10월 10일,17.6,23.7,11.8,5.9,0.0,11.899999999999999
12,2020년 10월 11일,17.5,23.5,12.3,6.4,0.0,11.2
13,2020년 10월 12일,16.9,22.9,13.2,5.4,0.0,9.7
14,2020년 10월 13일,12.7,18.8,8.0,7.1,0.0,10.8
15,2020년 10월 14일,12.4,18.9,6.9,8.3,0.0,11.999999999999998
16,2020년 10월 15일,12.9,20.6,7.9,7.0,0.0,12.700000000000001
17,2020년 10월 16일,11.0,15.9,5.8,9.1,0.0,10.100000000000001
18,2020년 10월 17일,12.3,20.5,5.8,2.5,0.0,14.7
19,2020년 10월 18일,12.2,21.5,5.6,3.8,0.0,15.9
20,2020년 10월 19일,12.2,22.0,4.6,3.5,0.0,17.4
21,2020년 10월 20일,12.7,22.9,4.9,2.6,0.0,18.0
22,2020년 10월 21일,12.5,16.3,8.6,9.9,8.8,7.700000000000001
23,2020년 10월 22일,12.9,18.4,8.0,8.1,0.0,10.399999999999999
24,2020년 10월 23일,9.2,15.2,4.3,2.5,0.0,10.899999999999999
25,2020년 10월 24일,9.1,15.5,3.1,2.3,0.0,12.4
26,2020년 10월 25일,11.2,19.3,4.4,3.5,0.0,14.9
27,2020년 10월 26일,11.3,20.9,3.4,2.4,0.0,17.5
28,2020년 10월 27일,11.7,21.4,4.5,4.5,0.0,16.9
29,2020년 10월 28일,13.4,21.0,8.1,4.8,0.0,12.9
30,2020년 10월 29일,9.8,19.2,2.3,3.0,0.0,16.9
31,2020년 10월 30일,10.4,20.0,2.2,1.5,0.0,17.8
32,2020년 10월 31일,10.6,18.4,4.4,3.9,0.0,13.999999999999998
33,2020년 11월 1일,10.6,11.7,7.6,9.8,6.1,4.1
34,2020년 11월 2일,11.1,17.2,3.7,5.3,0.2,13.5
35,2020년 11월 3일,5.9,10.8,0.7,3.4,0.4,10.100000000000001
36,2020년 11월 4일,4.4,12.4,-1.2,0.8,0.0,13.6
37,2020년 11월 5일,7.1,17.0,-2.6,6.0,0.0,19.6
