date,요일,배추_거래량(kg),배추_가격(원/kg),무_거래량(kg),무_가격(원/kg),양파_거래량(kg),양파_가격(원/kg),건고추_거래량(kg),건고추_가격(원/kg),마늘_거래량(kg),마늘_가격(원/kg),대파_거래량(kg),대파_가격(원/kg),얼갈이배추_거래량(kg),얼갈이배추_가격(원/kg),양배추_거래량(kg),양배추_가격(원/kg),깻잎_거래량(kg),깻잎_가격(원/kg),시금치_거래량(kg),시금치_가격(원/kg),미나리_거래량(kg),미나리_가격(원/kg),당근_거래량(kg),당근_가격(원/kg),파프리카_거래량(kg),파프리카_가격(원/kg),새송이_거래량(kg),새송이_가격(원/kg),팽이버섯_거래량(kg),팽이버섯_가격(원/kg),토마토_거래량(kg),토마토_가격(원/kg),청상추_거래량(kg),청상추_가격(원/kg),백다다기_거래량(kg),백다다기_가격(원/kg),애호박_거래량(kg),애호박_가격(원/kg),캠벨얼리_거래량(kg),캠벨얼리_가격(원/kg),샤인마스캇_거래량(kg),샤인마스캇_가격(원/kg)
2020-11-06,금요일,2051420.6,493.0,2764127.3,487.0,1969669.2,1138.0,958.0,22510.0,149460.9,5638.0,656754.3,2402.0,276943.5,844.0,639862.2,1073.0,79001.9,4831.0,239544.0,2401.0,66716.5,3458.0,405829.0,1058.0,161090.7,3869.0,169087.5,2418.0,134141.5,1408.0,257987.1,2806.0,42634.0,1959.0,290660.8,1290.0,318723.1,1530.0,23697.0,2797.0,70824.0,10514.0
2020-11-07,토요일,2042138.9,442.0,2666318.3,479.0,1705453.2,1157.0,513.4,22581.0,92844.9,5354.0,718311.7,2371.0,292581.5,842.0,572987.9,1027.0,82826.0,4753.0,224878.8,2301.0,72880.8,4144.0,218709.0,987.0,150965.6,3695.0,168812.1,2426.0,120560.0,1424.0,252323.2,2292.0,48052.0,1893.0,342790.2,1189.0,285808.6,1433.0,17876.0,3291.0,63136.5,10599.0
2020-11-08,일요일,0.0,0.0,0.0,0.0,0.0,0.0,0.0,0.0,0.0,0.0,0.0,0.0,0.0,0.0,0.0,0.0,0.0,0.0,0.0,0.0,0.0,0.0,0.0,0.0,0.0,0.0,0.0,0.0,0.0,0.0,0.0,0.0,0.0,0.0,0.0,0.0,0.0,0.0,0.0,0.0,0.0,0.0
2020-11-09,월요일,2848530.8,456.0,3727873.7,438.0,2133235.1,1166.0,1800.7,22878.0,115518.0,5465.0,824543.7,2339.0,422312.5,816.0,794312.1,959.0,110982.1,5141.0,306776.1,2330.0,82909.8,4255.0,494353.5,1065.0,232463.0,3233.0,195776.1,2455.0,134429.0,1478.0,307264.0,2587.0,52472.5,2006.0,497814.6,1211.0,478405.1,1500.0,22151.4,3118.0,65780.5,10830.0
2020-11-10,화요일,2255125.2,471.0,3199634.2,428.0,1793176.8,1167.0,1527.4,22083.0,135875.4,5500.0,723112.3,2332.0,333276.4,725.0,647841.5,926.0,73551.5,5410.0,265481.4,2189.0,96193.5,3345.0,461546.9,903.0,98844.9,3423.0,173862.4,2450.0,126818.2,1515.0,244878.5,2237.0,48767.1,2072.0,243682.9,1315.0,294449.5,1545.0,14071.5,4010.0,69389.7,10764.0
2020-11-11,수요일,2605669.0,486.0,2851953.6,436.0,1926333.3,1194.0,137575.4,18125.0,147659.1,5463.0,711103.0,2304.0,310367.0,740.0,673804.7,914.0,79722.7,5293.0,258006.8,2234.0,90453.7,3599.0,453895.0,921.0,161065.4,3392.0,161003.5,2443.0,122865.5,1558.0,285699.0,2397.0,48171.0,2014.0,307550.3,1243.0,357978.7,1568.0,15221.0,3437.0,71307.5,10739.0
2020-11-12,목요일,3832573.0,331.0,3116015.3,438.0,1900259.6,1175.0,1444.0,23218.0,118241.6,5088.0,689185.6,2307.0,304191.4,734.0,586466.8,970.0,77340.9,5110.0,249736.8,2150.0,95354.2,4486.0,389781.2,874.0,161928.5,3079.0,154469.8,2395.0,125828.0,1534.0,192486.5,2187.0,46053.2,1942.0,226487.8,1310.0,267333.1,1562.0,12358.9,3354.0,63409.6,10591.0
2020-11-13,금요일,3087934.4,562.0,2944191.2,502.0,1825599.6,1175.0,1622.6,20677.0,130317.4,5359.0,661816.3,2374.0,305807.4,764.0,626481.8,941.0,81733.1,5013.0,238719.6,2142.0,66911.5,5275.0,320182.3,833.0,214362.6,2790.0,161748.8,2335.0,124679.4,1532.0,261018.0,2305.0,45087.9,1913.0,302892.3,1302.0,382356.0,1517.0,13521.0,3579.0,56296.2,10843.0
2020-11-14,토요일,3186577.7,546.0,2876231.7,573.0,1381999.1,1167.0,1511.5,21843.0,133129.2,5246.0,680138.5,2502.0,275939.7,772.0,519829.6,936.0,84928.7,4940.0,213788.9,2071.0,113653.4,4800.0,185192.6,806.0,160651.4,2260.0,171040.4,2374.0,125906.5,1564.0,241022.5,2014.0,44664.0,2013.0,266178.8,1305.0,314057.6,1436.0,11503.0,3397.0,60582.7,10877.0
2020-11-15,일요일,0.0,0.0,0.0,0.0,0.0,0.0,0.0,0.0,0.0,0.0,0.0,0.0,0.0,0.0,0.0,0.0,0.0,0.0,0.0,0.0,0.0,0.0,0.0,0.0,0.0,0.0,0.0,0.0,0.0,0.0,0.0,0.0,0.0,0.0,0.0,0.0,0.0,0.0,0.0,0.0,0.0,0.0
2020-11-16,월요일,4118461.0,451.0,4153991.0,430.0,2024071.1,1164.0,1300.6,23347.0,144786.1,5305.0,781909.3,2534.0,389638.9,783.0,850025.8,952.0,114341.3,4974.0,283502.0,2215.0,108152.5,3882.0,464617.0,872.0,230471.8,2466.0,203959.9,2375.0,131738.2,1601.0,327153.0,2238.0,47560.4,2268.0,425604.2,1393.0,552795.8,1411.0,17504.0,3008.0,65792.6,11272.0
2020-11-17,화요일,3555614.2,464.0,3233920.5,391.0,1623348.4,1166.0,1352.6,17823.0,130910.5,5328.0,755366.8,2478.0,324424.5,717.0,645067.8,911.0,80261.5,4735.0,258000.4,2008.0,106661.0,3433.0,493320.0,801.0,169145.2,2424.0,173749.9,2277.0,134423.9,1621.0,252216.0,2075.0,48344.0,1987.0,261816.2,1492.0,356668.7,1350.0,6473.0,3532.0,59076.0,11013.0
2020-11-18,수요일,3167670.8,482.0,2904216.1,425.0,1715292.6,1184.0,890.0,21590.0,161977.3,5258.0,732731.4,2385.0,288523.5,694.0,601341.4,933.0,87931.2,4325.0,268052.2,1960.0,109295.2,3692.0,356476.0,795.0,191839.5,2354.0,168100.1,2239.0,118504.0,1588.0,240577.2,2097.0,51429.2,1711.0,280679.0,1468.0,398133.8,1297.0,12548.0,3477.0,55932.2,11340.0
2020-11-19,목요일,2965495.7,560.0,2356845.0,526.0,1381831.4,1150.0,892.0,21449.0,127562.2,5162.0,706226.2,2331.0,256162.3,639.0,567031.2,871.0,87609.3,3761.0,231960.8,1840.0,71680.7,4991.0,267266.2,797.0,168231.0,2178.0,158953.2,2126.0,130672.9,1519.0,208139.0,1960.0,52484.4,1361.0,262163.5,1395.0,280676.3,1247.0,5517.0,3034.0,50981.0,10905.0
2020-11-20,금요일,2089662.3,776.0,1685437.3,626.0,1251717.2,1134.0,831.4,22508.0,153540.8,4817.0,633202.0,2319.0,223639.5,590.0,460913.5,846.0,97081.8,3316.0,194878.6,1597.0,102047.3,4850.0,252173.5,807.0,271542.9,2059.0,166776.6,2057.0,139478.7,1471.0,255059.5,2015.0,53561.7,1085.0,275335.1,1310.0,390912.1,1201.0,5144.8,4859.0,48158.7,11059.0
2020-11-21,토요일,4081740.6,571.0,3393325.0,607.0,1423153.6,1205.0,702.6,19527.0,75639.8,5485.0,703324.0,2420.0,183455.9,641.0,527442.2,789.0,100836.1,2746.0,210876.0,1859.0,106988.2,6171.0,156396.8,816.0,165341.2,1846.0,177492.1,1948.0,125983.0,1356.0,256427.5,1767.0,48599.2,1021.0,278605.1,1282.0,270630.7,1183.0,4842.0,4897.0,51410.1,11381.0
2020-11-22,일요일,0.0,0.0,0.0,0.0,0.0,0.0,0.0,0.0,0.0,0.0,0.0,0.0,0.0,0.0,0.0,0.0,0.0,0.0,0.0,0.0,0.0,0.0,0.0,0.0,0.0,0.0,0.0,0.0,0.0,0.0,0.0,0.0,0.0,0.0,0.0,0.0,0.0,0.0,0.0,0.0,0.0,0.0
2020-11-23,월요일,4639671.0,510.0,3714619.3,521.0,1960196.2,1184.0,471.2,19813.0,118919.7,5348.0,882669.9,2352.0,276877.3,834.0,770186.9,707.0,116766.7,3040.0,290824.7,2095.0,99796.9,5392.0,444762.6,865.0,237109.8,1846.0,188317.1,1986.0,128513.6,1423.0,333559.5,1955.0,42254.0,1495.0,361955.6,1382.0,404392.5,1310.0,7862.5,4310.0,58118.8,11259.0
2020-11-24,화요일,3730441.2,431.0,3026356.0,432.0,1750421.1,1197.0,1557.6,21334.0,133535.3,5060.0,818376.1,2203.0,268539.0,811.0,717472.7,635.0,77699.7,3112.0,272954.5,1983.0,96166.4,4546.0,381345.0,761.0,167466.6,1955.0,162576.0,1902.0,131924.4,1418.0,249027.5,1774.0,37883.0,1548.0,193486.6,1731.0,236459.0,1553.0,6420.0,4184.0,57541.2,11394.0
2020-11-25,수요일,3756735.5,449.0,2914341.0,400.0,1737923.9,1191.0,50092.4,17430.0,129699.5,5362.0,802249.3,1868.0,254026.5,737.0,739997.1,567.0,78667.6,2961.0,311333.8,1876.0,100159.7,5222.0,419148.0,831.0,213350.9,1788.0,151598.1,1921.0,119837.0,1395.0,224241.5,1951.0,40030.0,1434.0,248455.7,1821.0,320148.8,1569.0,3550.0,5341.0,63449.4,11287.0
2020-11-26,목요일,3862600.0,456.0,2875531.8,432.0,1448417.6,1176.0,8917.0,17606.0,136100.1,4609.0,720947.9,1881.0,265710.6,744.0,703927.6,492.0,69634.3,2936.0,257035.0,1708.0,92911.4,5560.0,365049.3,798.0,181455.7,1725.0,136766.2,1867.0,116130.6,1350.0,193012.5,1930.0,35590.1,1370.0,200040.7,1751.0,201479.6,1550.0,5577.5,4387.0,57267.0,11036.0
2020-11-27,금요일,4832433.0,553.0,3548580.9,468.0,1624905.9,1155.0,1198.0,22325.0,84271.2,5492.0,804273.8,1841.0,277075.7,748.0,628218.2,484.0,74276.6,3129.0,350714.5,1620.0,99338.8,7160.0,413363.9,792.0,234196.8,1668.0,157835.2,1834.0,129329.2,1294.0,281177.5,1847.0,37959.5,1323.0,243802.3,1911.0,312012.8,1571.0,7422.2,4353.0,63315.5,10942.0
2020-11-28,토요일,3719401.8,486.0,3251667.6,441.0,1501983.4,1196.0,1238.3,20439.0,135935.5,4401.0,802805.3,1710.0,256584.9,701.0,582297.5,470.0,71196.0,3569.0,290893.2,1458.0,106110.0,6440.0,256020.0,669.0,171354.6,1763.0,158803.4,1798.0,113838.5,1280.0,222879.5,1722.0,34090.4,1589.0,218906.3,1991.0,234312.7,1556.0,3641.0,3545.0,54805.6,10670.0
2020-11-29,일요일,0.0,0.0,0.0,0.0,0.0,0.0,0.0,0.0,0.0,0.0,0.0,0.0,0.0,0.0,0.0,0.0,0.0,0.0,0.0,0.0,0.0,0.0,0.0,0.0,0.0,0.0,0.0,0.0,0.0,0.0,0.0,0.0,0.0,0.0,0.0,0.0,0.0,0.0,0.0,0.0,0.0,0.0
2020-11-30,월요일,3554050.5,433.0,2957666.8,350.0,2055798.5,1139.0,1821.4,19062.0,212092.3,5195.0,882335.2,1656.0,304240.4,805.0,732992.8,464.0,89599.1,4583.0,314539.7,1649.0,103917.7,6018.0,582584.4,777.0,250413.0,1851.0,188233.5,1855.0,135592.5,1292.0,300723.0,1898.0,37311.6,1963.0,335187.4,1965.0,465054.6,1601.0,5869.0,3773.0,56442.8,10793.0
2020-12-01,화요일,2409404.6,384.0,2032261.8,319.0,1832973.0,1136.0,806.8,21495.0,189026.0,4878.0,781620.4,1626.0,251020.0,726.0,697738.4,506.0,62590.2,5043.0,268672.3,1564.0,102163.7,4138.0,510227.0,737.0,144508.2,1941.0,158071.5,1760.0,123907.0,1253.0,218924.5,1741.0,38324.0,1988.0,174605.6,1779.0,229799.9,1742.0,6179.0,3926.0,53861.0,10692.0
2020-12-02,수요일,2101909.6,424.0,1502957.7,332.0,1684807.6,1148.0,864.7,20693.0,93272.7,4773.0,720840.0,1520.0,220091.0,741.0,689369.0,504.0,67481.8,4709.0,257068.7,1734.0,95673.5,4346.0,445898.0,743.0,177331.7,2086.0,156209.0,1743.0,126792.0,1259.0,226082.5,1753.0,34593.5,2350.0,187094.0,1856.0,319429.1,1855.0,2524.4,2645.0,55329.0,10919.0
2020-12-03,목요일,1999870.1,452.0,1746483.8,364.0,1545079.5,1141.0,990.4,22271.0,129697.2,4948.0,711691.0,1473.0,207838.0,701.0,848351.8,523.0,68895.3,4252.0,241839.2,1795.0,72124.2,4495.0,382312.0,729.0,145608.8,2346.0,135086.0,1668.0,121086.5,1220.0,160756.0,1833.0,35716.0,2020.0,133166.5,1923.0,210474.5,1835.0,2951.0,5460.0,55917.2,10277.0
2020-12-04,금요일,2780896.6,546.0,2256313.4,401.0,1581457.1,1127.0,1456.1,18299.0,90925.1,4682.0,689057.5,1543.0,204630.0,740.0,721712.0,481.0,71184.5,4326.0,263862.5,1925.0,101783.5,5257.0,411968.5,718.0,181547.3,2253.0,157416.0,1669.0,119065.5,1255.0,252048.5,1814.0,34563.0,2295.0,179998.2,2255.0,314321.7,1979.0,2387.0,4063.0,48082.6,10324.0
2020-12-05,토요일,2301403.5,499.0,1990950.8,369.0,1112404.6,1161.0,1655.8,13923.0,92523.2,5599.0,666051.3,1729.0,196433.0,779.0,649993.3,479.0,71252.1,4323.0,248381.2,1977.0,100359.0,5448.0,286273.0,681.0,132555.4,2337.0,151585.6,1727.0,139752.5,1305.0,190491.5,1730.0,33845.0,3068.0,171757.3,2421.0,210195.7,2002.0,3623.8,5972.0,44492.8,10428.0
2020-12-06,일요일,0.0,0.0,0.0,0.0,0.0,0.0,0.0,0.0,0.0,0.0,0.0,0.0,0.0,0.0,0.0,0.0,0.0,0.0,0.0,0.0,0.0,0.0,0.0,0.0,0.0,0.0,0.0,0.0,0.0,0.0,0.0,0.0,0.0,0.0,0.0,0.0,0.0,0.0,0.0,0.0,0.0,0.0
2020-12-07,월요일,2491906.3,419.0,2087983.1,394.0,1704234.3,1075.0,1185.8,22830.0,102910.9,5121.0,787050.3,1726.0,239712.0,845.0,777006.0,461.0,87031.0,4723.0,328589.7,2017.0,92962.5,4601.0,526104.9,698.0,162883.5,2589.0,179271.6,1786.0,131616.0,1360.0,281396.5,1898.0,40833.6,3568.0,315252.6,2418.0,430474.4,2253.0,4608.5,5221.0,55487.2,10649.0
2020-12-08,화요일,1809895.9,429.0,1735391.4,389.0,1581772.0,1160.0,1131.4,14324.0,119044.0,5557.0,735143.9,1691.0,244489.5,834.0,687643.0,490.0,62671.2,5267.0,287759.4,1940.0,89114.0,4203.0,437955.0,702.0,140656.4,2532.0,174951.0,1794.0,131736.0,1373.0,226177.8,1829.0,38743.0,3281.0,199795.0,2285.0,243251.9,2205.0,4669.5,4241.0,47485.6,10661.0
2020-12-09,수요일,1504625.2,369.0,1531861.0,374.0,1338250.8,1157.0,59671.8,17175.0,82176.6,5251.0,597129.4,1592.0,246275.4,875.0,545070.0,476.0,63934.0,5700.0,292231.0,1878.0,78247.0,3661.0,312596.6,717.0,138060.7,2447.0,154478.7,1737.0,119610.9,1429.0,139766.0,1944.0,33706.0,2906.0,227299.7,2084.0,311691.7,2072.0,1965.0,3899.0,41851.5,10233.0
2020-12-10,목요일,1271225.1,421.0,916733.7,379.0,1596910.0,1140.0,12171.8,16421.0,95100.6,5049.0,560421.3,1592.0,216989.2,798.0,340322.5,469.0,64622.7,5357.0,290258.4,1791.0,64305.0,2949.0,348897.8,708.0,165011.5,2451.0,154918.5,1697.0,135351.3,1396.0,187782.0,1975.0,32068.0,2704.0,215297.7,1952.0,184190.6,2039.0,2339.0,2335.0,44572.8,10295.0
2020-12-11,금요일,1846148.6,459.0,1949041.2,349.0,1356633.0,1144.0,32668.8,17491.0,61460.8,4687.0,660144.3,1518.0,213599.6,792.0,589072.0,445.0,68439.8,5340.0,283131.8,1760.0,90087.0,3343.0,310114.2,723.0,163978.9,2509.0,153513.7,1741.0,126395.1,1424.0,213661.5,2041.0,32885.2,2724.0,258300.6,1924.0,287200.3,1980.0,3554.0,5820.0,42073.6,10146.0
2020-12-12,토요일,1606711.4,414.0,1473962.7,374.0,1144300.8,1154.0,387.6,17212.0,62945.0,5071.0,664743.3,1546.0,259069.0,700.0,539295.4,475.0,69271.7,5510.0,267801.9,1808.0,97506.1,3471.0,249413.0,708.0,127927.1,2537.0,156795.0,1756.0,135386.5,1437.0,188853.5,1897.0,37779.2,2984.0,259726.0,1777.0,189544.4,2110.0,2547.0,5587.0,46944.5,10462.0
2020-12-13,일요일,0.0,0.0,0.0,0.0,0.0,0.0,0.0,0.0,0.0,0.0,0.0,0.0,0.0,0.0,0.0,0.0,0.0,0.0,0.0,0.0,0.0,0.0,0.0,0.0,0.0,0.0,0.0,0.0,0.0,0.0,0.0,0.0,0.0,0.0,0.0,0.0,0.0,0.0,0.0,0.0,0.0,0.0
2020-12-14,월요일,1616640.0,402.0,1762261.7,385.0,1625685.1,1161.0,361.0,17033.0,90775.5,5343.0,738842.5,1704.0,283496.3,756.0,714293.3,545.0,91610.9,5940.0,323947.2,1979.0,85934.0,3917.0,480493.2,788.0,149283.5,2827.0,185512.2,1765.0,139653.0,1545.0,292221.5,2015.0,40218.0,3335.0,415958.6,1742.0,458191.3,2189.0,5171.0,3971.0,45470.2,10310.0
2020-12-15,화요일,853897.4,397.0,1178207.7,401.0,1303852.9,1165.0,2462.3,13011.0,99855.5,5192.0,637039.1,1805.0,175002.5,768.0,432183.0,701.0,64707.9,6056.0,249523.6,2093.0,81646.0,3133.0,329649.0,795.0,108705.9,2990.0,165812.0,1772.0,131783.0,1568.0,208651.5,1953.0,36508.0,3335.0,193969.5,1614.0,245630.0,2293.0,1752.3,3492.0,34236.6,10403.0
2020-12-16,수요일,480593.7,520.0,954151.5,419.0,1370305.6,1167.0,423.0,18353.0,73466.5,5130.0,641299.4,1688.0,161574.0,781.0,365147.0,750.0,65690.0,5651.0,248290.2,2073.0,77474.7,2680.0,264398.1,767.0,169326.7,2783.0,167417.0,1791.0,136355.0,1655.0,146196.5,2093.0,34810.6,2724.0,256593.2,1526.0,324844.6,2092.0,312.0,1500.0,37537.4,9891.0
2020-12-17,목요일,467021.1,418.0,766018.8,461.0,1208438.8,1135.0,397.0,18972.0,100678.3,4612.0,568975.8,1750.0,183083.5,723.0,564252.0,621.0,61738.6,5208.0,235901.0,2066.0,48370.0,2299.0,220685.6,812.0,140760.5,2825.0,136551.0,1802.0,125247.8,1753.0,160398.0,1989.0,32187.2,2623.0,162737.0,1485.0,175497.2,2108.0,1473.0,4185.0,34581.9,10406.0
2020-12-18,금요일,799981.4,586.0,1061687.0,450.0,1377875.8,1257.0,565.2,17529.0,64825.0,4985.0,595408.6,1686.0,198223.5,748.0,530699.3,653.0,64255.9,5498.0,234572.1,2135.0,77674.5,2746.0,285899.7,855.0,159817.0,2955.0,148941.7,1827.0,125926.1,1844.0,261396.5,2020.0,32419.5,2938.0,242167.6,1536.0,284448.1,2132.0,3884.6,3648.0,39807.2,10227.0
2020-12-19,토요일,643176.5,478.0,1229239.6,463.0,1091116.0,1145.0,600.4,17395.0,115534.4,5125.0,592645.0,1889.0,167584.5,889.0,600929.5,625.0,65494.5,6518.0,224005.9,2283.0,61202.0,3742.0,261122.6,874.0,122796.8,2874.0,160929.2,2010.0,136991.4,1843.0,174871.5,1978.0,33279.0,3998.0,201497.7,1727.0,195324.2,2223.0,772.2,2264.0,36311.5,10378.0
2020-12-20,일요일,0.0,0.0,0.0,0.0,0.0,0.0,0.0,0.0,0.0,0.0,0.0,0.0,0.0,0.0,0.0,0.0,0.0,0.0,0.0,0.0,0.0,0.0,0.0,0.0,0.0,0.0,0.0,0.0,0.0,0.0,0.0,0.0,0.0,0.0,0.0,0.0,0.0,0.0,0.0,0.0,0.0,0.0
2020-12-21,월요일,1410380.0,382.0,1692355.6,546.0,1713578.7,1176.0,336.0,15732.0,69432.0,4777.0,822195.7,1763.0,224197.5,1040.0,965851.3,549.0,84378.7,7590.0,351152.6,2353.0,77364.2,4219.0,583380.8,875.0,134720.3,3044.0,185990.0,2154.0,157679.6,2013.0,299492.5,2128.0,40210.0,3915.0,347911.0,1981.0,447340.6,2353.0,1101.0,3260.0,57738.1,10519.0
2020-12-22,화요일,1138784.6,536.0,1579183.1,534.0,1656837.2,1218.0,959.2,13169.0,88509.6,5467.0,701575.5,1701.0,216682.5,1054.0,758603.0,547.0,60353.1,8001.0,308844.0,2361.0,80203.5,4367.0,473400.0,803.0,110994.8,3680.0,174183.5,2167.0,126631.0,2127.0,176196.5,2111.0,35638.0,3337.0,178696.0,2198.0,236895.7,2447.0,882.0,1731.0,50231.5,10309.0
2020-12-23,수요일,1134505.8,349.0,1793082.5,492.0,1645474.6,1212.0,149495.0,15850.0,90714.4,5213.0,709487.9,1690.0,270899.2,927.0,759304.6,541.0,66193.9,7823.0,313731.6,2330.0,21533.5,3245.0,369606.0,865.0,173856.0,3701.0,165149.3,2240.0,139369.9,2102.0,184133.5,2126.0,34341.2,3233.0,197493.3,2289.0,318878.1,2408.0,339.0,1993.0,58878.6,10278.0
2020-12-24,목요일,871832.2,390.0,1563692.4,478.0,1721765.5,1222.0,717.5,19122.0,87423.8,5266.0,693397.5,1723.0,271123.2,850.0,654427.6,534.0,66743.8,7289.0,314250.2,2295.0,77365.0,3391.0,349286.8,840.0,134056.7,3658.0,161687.4,2292.0,142444.7,2004.0,171172.0,2216.0,32130.0,3569.0,182926.7,2305.0,184998.3,2410.0,1030.0,2243.0,55865.3,10376.0
2020-12-25,금요일,943971.2,333.0,1423347.3,454.0,1523574.4,1200.0,1467.5,8857.0,93215.4,5251.0,736458.7,1629.0,276881.4,818.0,563731.6,562.0,66354.1,7864.0,327727.5,2245.0,86723.2,3437.0,304113.8,860.0,114924.1,3901.0,166682.5,2273.0,125305.6,2001.0,233971.0,2117.0,35472.0,4073.0,190988.7,2413.0,285452.8,2397.0,753.0,2145.0,49746.8,10351.0
2020-12-26,토요일,490145.7,450.0,926675.2,465.0,1108960.4,1240.0,392.0,24170.0,52189.0,5272.0,727592.7,1627.0,208753.9,752.0,485192.1,581.0,62588.8,9601.0,167262.6,2278.0,19000.7,3004.0,161830.6,872.0,74506.5,4824.0,174985.0,2406.0,125181.0,2063.0,153642.5,2058.0,40053.2,4264.0,196563.0,2379.0,181637.5,2436.0,435.0,2195.0,42092.0,10511.0
2020-12-27,일요일,0.0,0.0,0.0,0.0,0.0,0.0,0.0,0.0,0.0,0.0,0.0,0.0,0.0,0.0,0.0,0.0,0.0,0.0,0.0,0.0,0.0,0.0,0.0,0.0,0.0,0.0,0.0,0.0,0.0,0.0,0.0,0.0,0.0,0.0,0.0,0.0,0.0,0.0,0.0,0.0,0.0,0.0
2020-12-28,월요일,887951.6,428.0,1680000.2,465.0,1871624.8,1240.0,2227.4,16181.0,77577.5,5016.0,866740.8,1662.0,345275.1,807.0,778005.9,634.0,94070.1,11270.0,362997.1,2351.0,80710.2,3831.0,449461.8,856.0,165924.6,5179.0,188226.5,2552.0,141300.0,2429.0,306120.0,2173.0,47028.5,4475.0,348977.8,2578.0,447976.2,2627.0,1152.0,2986.0,65322.3,10642.0
2020-12-29,화요일,701531.2,417.0,1017670.1,497.0,1592473.0,1226.0,1164.2,19300.0,116914.0,4617.0,807990.3,1652.0,252089.0,755.0,680269.3,662.0,77720.4,10487.0,304500.9,2377.0,79427.3,3887.0,294035.0,838.0,132980.1,5253.0,185855.5,2533.0,126223.0,2513.0,191763.0,2214.0,42638.0,4176.0,186425.0,2711.0,250193.0,2656.0,649.0,3496.0,49780.4,10709.0
2020-12-30,수요일,1034279.0,482.0,969468.3,510.0,1211665.8,1214.0,104206.0,15624.0,80071.4,5105.0,786377.7,1817.0,239402.1,985.0,638137.6,774.0,87306.9,11093.0,317801.6,2807.0,69245.2,4704.0,275854.2,940.0,227190.2,4692.0,192152.8,2634.0,146566.6,2665.0,212778.0,2124.0,44000.0,4903.0,221678.8,3294.0,317787.4,2710.0,4174.0,3693.0,56266.3,10893.0
2020-12-31,목요일,288852.9,545.0,816313.9,533.0,1044007.0,1220.0,18453.1,15791.0,136498.8,5228.0,809247.3,1752.0,159761.1,897.0,465490.4,720.0,90104.1,9655.0,207327.8,2638.0,83306.6,3145.0,292683.0,837.0,127397.0,3999.0,209888.7,2319.0,154934.3,2284.0,283692.0,1919.0,47581.9,4179.0,257055.2,2746.0,231467.8,2476.0,276.0,2522.0,51595.9,10474.0
2021-01-01,금요일,0.0,0.0,0.0,0.0,0.0,0.0,0.0,0.0,0.0,0.0,0.0,0.0,0.0,0.0,0.0,0.0,0.0,0.0,0.0,0.0,0.0,0.0,0.0,0.0,0.0,0.0,0.0,0.0,0.0,0.0,0.0,0.0,0.0,0.0,0.0,0.0,0.0,0.0,0.0,0.0,0.0,0.0
2021-01-02,토요일,24401.5,389.0,21461.0,560.0,20606.0,1058.0,231.0,23147.0,2408.0,5130.0,27859.0,2384.0,746.0,1006.0,23734.0,744.0,4079.5,13150.0,9920.0,2643.0,7033.0,1614.0,2785.0,823.0,7849.0,4885.0,12431.0,2365.0,10077.0,2244.0,25290.0,1915.0,8447.0,4652.0,1490.0,2491.0,20982.0,2686.0,0.0,0.0,1820.0,11574.0
2021-01-03,일요일,0.0,0.0,0.0,0.0,0.0,0.0,0.0,0.0,0.0,0.0,0.0,0.0,0.0,0.0,0.0,0.0,0.0,0.0,0.0,0.0,0.0,0.0,0.0,0.0,0.0,0.0,0.0,0.0,0.0,0.0,0.0,0.0,0.0,0.0,0.0,0.0,0.0,0.0,0.0,0.0,0.0,0.0
2021-01-04,월요일,859651.8,441.0,1665261.7,543.0,1823037.4,1267.0,88.6,16823.0,121200.4,5426.0,874594.6,2203.0,332665.5,1019.0,1099803.1,695.0,112324.7,9502.0,374131.6,2966.0,79020.5,3510.0,559058.8,1022.0,150290.6,4515.0,243988.0,2194.0,163626.0,2422.0,393979.0,2098.0,53362.0,4343.0,541870.0,2315.0,475498.9,2738.0,210.0,2602.0,50446.2,11392.0
2021-01-05,화요일,889332.2,412.0,1647835.5,571.0,1513826.0,1330.0,975.6,12232.0,125712.0,5147.0,765322.2,2241.0,240676.5,1067.0,871244.6,787.0,69850.2,11129.0,295523.2,3112.0,74112.0,3965.0,585675.0,929.0,89124.0,5516.0,207724.0,2193.0,143724.0,2331.0,228576.5,2092.0,38555.0,5138.0,179409.0,2530.0,225711.5,2971.0,570.0,2340.0,37233.4,12072.0
2021-01-06,수요일,1006337.3,402.0,1787373.1,591.0,1590580.8,1413.0,108611.0,15545.0,105045.0,5393.0,717011.6,2512.0,256390.0,1163.0,857390.7,888.0,68027.0,13562.0,314793.2,3513.0,75320.7,3905.0,380650.0,974.0,168572.5,5598.0,176876.0,2180.0,139302.5,2120.0,163296.0,2270.0,36865.0,5843.0,228092.0,2792.0,264539.5,3333.0,273.0,1969.0,37429.4,12201.0
2021-01-07,목요일,535487.6,458.0,1556727.2,617.0,1329268.4,1475.0,8132.9,15488.0,103473.0,5196.0,688425.8,3006.0,233905.0,1080.0,728748.9,952.0,68557.3,11583.0,297299.9,3689.0,51931.5,4392.0,324118.0,1021.0,74728.8,5559.0,149572.0,2161.0,134686.0,1932.0,177869.5,2060.0,33770.0,5212.0,164827.0,2603.0,182761.3,3680.0,0.0,0.0,37154.9,12153.0
2021-01-08,금요일,260402.9,463.0,1154667.0,619.0,1096804.9,1423.0,21.0,20429.0,72519.2,5192.0,726508.4,2469.0,172355.0,838.0,669189.7,865.0,70071.8,6071.0,191047.0,3248.0,57198.5,4071.0,252335.6,1054.0,59515.3,4856.0,149123.5,2183.0,131109.0,1781.0,195980.5,1938.0,27156.0,3711.0,195332.0,2347.0,220376.0,3438.0,0.0,0.0,29512.2,12231.0
2021-01-09,토요일,103501.3,563.0,338550.0,612.0,588667.9,1499.0,106.0,29557.0,39417.5,5228.0,554016.7,2470.0,89669.0,743.0,235257.0,816.0,16142.0,7797.0,230124.9,2812.0,23978.2,2554.0,126140.0,1057.0,28699.9,4664.0,158479.0,2073.0,131847.5,1647.0,150871.5,1736.0,25330.0,2963.0,166523.0,1956.0,168229.1,3199.0,645.0,2425.0,19581.0,12281.0
2021-01-10,일요일,0.0,0.0,0.0,0.0,0.0,0.0,0.0,0.0,0.0,0.0,0.0,0.0,0.0,0.0,0.0,0.0,0.0,0.0,0.0,0.0,0.0,0.0,0.0,0.0,0.0,0.0,0.0,0.0,0.0,0.0,0.0,0.0,0.0,0.0,0.0,0.0,0.0,0.0,0.0,0.0,0.0,0.0
2021-01-11,월요일,471912.7,486.0,1152959.0,607.0,1503581.0,1517.0,62.2,15630.0,68901.6,5308.0,640495.9,2607.0,215830.5,1114.0,454813.5,976.0,63100.0,9991.0,251317.0,3221.0,58585.0,4053.0,272744.0,1118.0,105371.5,5324.0,201458.6,2025.0,131593.0,1841.0,282616.5,2057.0,28408.0,5173.0,293948.0,2310.0,331965.2,3443.0,0.0,0.0,34566.3,12280.0
2021-01-12,화요일,437725.5,457.0,863765.1,635.0,1376560.5,1564.0,297.0,12345.0,44170.7,5460.0,433804.8,2801.0,207120.0,1256.0,420240.0,980.0,52251.0,9914.0,150192.3,3412.0,46964.5,4921.0,258110.0,1057.0,86246.5,5439.0,140701.0,2211.0,101724.0,1853.0,147030.0,2037.0,21725.6,5432.0,122979.0,2461.0,151692.5,3562.0,54.0,2500.0,20458.0,12623.0
2021-01-13,수요일,460107.5,541.0,1086603.0,630.0,1780238.0,1589.0,87229.0,15825.0,79053.3,5360.0,521766.2,2887.0,225825.5,1249.0,484488.0,1002.0,64545.9,9031.0,205008.8,3545.0,61542.0,4583.0,354673.0,1088.0,142825.1,5128.0,166405.0,2312.0,125662.0,1951.0,173308.0,2272.0,28132.0,5425.0,174257.0,2679.0,258965.1,3639.0,0.0,0.0,30600.7,12233.0
2021-01-14,목요일,631491.3,506.0,1091558.8,602.0,1919631.2,1567.0,1206.0,8479.0,124787.9,5456.0,611061.0,2948.0,212599.5,1278.0,664557.2,938.0,61641.6,8641.0,221540.1,3323.0,21056.0,3056.0,305045.0,1105.0,109402.3,5230.0,158577.5,2419.0,118811.0,2088.0,160750.5,2253.0,31152.0,4897.0,160708.0,2871.0,160706.0,3643.0,0.0,0.0,38176.8,12427.0
2021-01-15,금요일,679862.7,547.0,1252428.7,615.0,1943251.0,1577.0,452.8,18650.0,102058.5,5436.0,615254.5,3034.0,224277.5,1315.0,953038.8,838.0,64413.2,9784.0,262349.2,3479.0,64871.0,4467.0,433233.0,1097.0,98094.3,5708.0,167043.0,2614.0,126256.0,2241.0,234481.5,2381.0,31788.0,5283.0,183986.0,3346.0,221078.2,3800.0,0.0,0.0,34275.4,12141.0
2021-01-16,토요일,660088.5,582.0,1453049.6,577.0,1415810.7,1586.0,324.6,15467.0,70480.4,4933.0,741908.5,2939.0,238326.5,1358.0,1124293.3,721.0,64807.2,10507.0,301409.4,3486.0,66943.0,4616.0,393007.0,1149.0,100482.8,6071.0,168324.0,2793.0,116485.8,2471.0,152493.5,2418.0,33233.5,6242.0,199301.0,3627.0,176455.0,3911.0,36.0,3500.0,33763.0,12323.0
2021-01-17,일요일,0.0,0.0,0.0,0.0,0.0,0.0,0.0,0.0,0.0,0.0,0.0,0.0,0.0,0.0,0.0,0.0,0.0,0.0,0.0,0.0,0.0,0.0,0.0,0.0,0.0,0.0,0.0,0.0,0.0,0.0,0.0,0.0,0.0,0.0,0.0,0.0,0.0,0.0,0.0,0.0,0.0,0.0
2021-01-18,월요일,1042575.4,524.0,2039485.9,557.0,1856806.7,1561.0,147.8,17591.0,91208.5,5359.0,846023.7,3141.0,416042.0,1175.0,1325176.7,715.0,90472.8,10665.0,365114.7,3759.0,69080.3,5351.0,582297.0,1151.0,125710.0,6439.0,192660.3,2798.0,131237.4,2656.0,338328.0,2452.0,41386.0,5848.0,350373.0,3849.0,360275.0,4090.0,369.0,5379.0,40214.3,12377.0
2021-01-19,화요일,752793.4,513.0,1825370.7,538.0,1527247.3,1553.0,1154.6,13223.0,85709.0,5202.0,788825.2,3078.0,235758.5,1121.0,843992.4,663.0,65701.6,9926.0,300671.3,3563.0,67621.0,5799.0,532244.0,1153.0,117703.3,6432.0,173161.5,2826.0,112801.0,2557.0,189795.0,2367.0,31553.0,6109.0,153089.0,3391.0,220167.4,3937.0,0.0,0.0,25747.1,12608.0
2021-01-20,수요일,759446.4,465.0,1725513.5,505.0,1527659.1,1584.0,22344.0,16030.0,99416.0,5533.0,688636.5,3049.0,306864.0,1033.0,874738.2,580.0,67113.7,8434.0,302051.0,3149.0,71698.5,5550.0,446946.0,1134.0,143839.4,5571.0,169017.5,2771.0,114096.8,2395.0,187420.9,2589.0,30565.0,5806.0,223203.0,3069.0,263556.0,3644.0,824.0,4757.0,30552.8,12485.0
2021-01-21,목요일,839103.1,431.0,1652728.5,475.0,1498737.5,1541.0,120.0,17708.0,91365.5,4948.0,706288.7,2746.0,270594.0,1002.0,805107.2,532.0,64250.2,7384.0,305103.9,2768.0,16879.6,3878.0,349247.8,1135.0,91678.6,5780.0,162571.0,2672.0,123380.4,2289.0,176138.5,2549.0,28752.0,5412.0,159728.0,2871.0,164095.6,3597.0,0.0,0.0,35644.6,12615.0
2021-01-22,금요일,888384.6,417.0,1493542.6,436.0,1243925.0,1543.0,123.0,10159.0,74530.0,4635.0,630274.3,2789.0,268031.5,987.0,650353.8,570.0,70022.5,7247.0,285038.5,2633.0,78207.0,4596.0,365535.0,1148.0,106950.3,5790.0,172527.7,2698.0,110277.2,2525.0,265899.8,2567.0,33448.0,5168.0,212468.0,3029.0,207609.8,3799.0,0.0,0.0,31672.8,12198.0
2021-01-23,토요일,461474.3,464.0,1225830.0,418.0,1143599.7,1506.0,112.0,10161.0,102449.5,5515.0,686785.4,2864.0,213561.5,961.0,510509.6,573.0,72398.6,6897.0,267485.5,2584.0,56518.7,3333.0,226775.0,1165.0,72375.6,6171.0,168376.0,2731.0,114918.5,2607.0,180081.5,2552.0,35884.0,4956.0,195913.0,2872.0,161635.6,3741.0,467.4,3465.0,29679.0,12715.0
2021-01-24,일요일,0.0,0.0,0.0,0.0,0.0,0.0,0.0,0.0,0.0,0.0,0.0,0.0,0.0,0.0,0.0,0.0,0.0,0.0,0.0,0.0,0.0,0.0,0.0,0.0,0.0,0.0,0.0,0.0,0.0,0.0,0.0,0.0,0.0,0.0,0.0,0.0,0.0,0.0,0.0,0.0,0.0,0.0
2021-01-25,월요일,727003.2,537.0,1814183.7,407.0,1710057.3,1518.0,327.0,11459.0,116605.3,5142.0,775772.9,2721.0,322703.5,987.0,598953.8,674.0,103561.5,6772.0,304576.7,2623.0,83178.9,4931.0,384473.0,1138.0,127607.3,6571.0,204821.8,2803.0,121130.0,2868.0,322785.0,2669.0,38704.0,5367.0,351320.0,2845.0,398625.0,3746.0,0.0,0.0,42800.5,12543.0
2021-01-26,화요일,948075.7,460.0,1670003.5,390.0,1592124.8,1543.0,859.8,18104.0,128335.4,5419.0,602096.4,3209.0,243593.5,1046.0,589010.9,738.0,72182.0,6459.0,292762.9,2500.0,78575.0,4943.0,428602.0,1164.0,129995.3,6531.0,195381.0,2739.0,132539.2,2750.0,190138.0,2585.0,35946.0,5202.0,164942.0,3046.0,189066.6,3759.0,40.0,4250.0,37331.8,12699.0
2021-01-27,수요일,606056.2,601.0,1466937.7,402.0,1296784.4,1538.0,78813.2,17073.0,125328.0,5279.0,611498.1,3414.0,241247.5,1082.0,697643.0,756.0,70829.3,6431.0,251213.9,2816.0,85324.0,4725.0,433136.0,1124.0,139084.3,6139.0,170981.0,2784.0,119350.8,2885.0,202737.0,2746.0,37464.0,4639.0,196522.0,3249.0,223397.1,3831.0,0.0,0.0,32003.8,12763.0
2021-01-28,목요일,1054018.2,522.0,1378192.0,410.0,1420173.1,1557.0,585.0,17141.0,106287.1,4984.0,659266.0,3688.0,200389.0,1196.0,667149.0,768.0,67085.9,7006.0,284078.8,2879.0,25596.0,4570.0,345958.0,1092.0,119155.2,6109.0,163464.9,2844.0,119041.8,2834.0,162187.0,2721.0,36102.0,4321.0,171803.0,3351.0,156584.7,3861.0,0.0,0.0,46450.0,13008.0
2021-01-29,금요일,1035047.8,526.0,1306054.1,416.0,1272019.2,1494.0,6666.2,16772.0,84702.0,5205.0,652166.2,3955.0,251682.5,1168.0,891175.0,730.0,68743.3,7377.0,305307.4,3243.0,83401.5,4408.0,432734.4,1185.0,112632.2,6039.0,176308.0,2940.0,118228.5,2993.0,269676.6,2689.0,33519.5,4535.0,182826.0,3408.0,231611.0,3987.0,0.0,0.0,36389.1,12758.0
2021-01-30,토요일,414903.1,563.0,1092099.6,435.0,774205.9,1551.0,683.8,18793.0,89289.1,5110.0,702269.4,3814.0,193494.5,1182.0,670765.5,729.0,64438.6,7407.0,222195.9,2806.0,85851.5,3721.0,205807.0,1113.0,59835.0,6272.0,215789.0,2389.0,116517.4,3004.0,165923.5,2661.0,34886.0,4220.0,180419.0,3398.0,165275.0,3995.0,20.0,3850.0,26387.3,12817.0
2021-01-31,일요일,1808.0,653.0,2682.0,448.0,0.0,0.0,0.0,0.0,40.0,3625.0,1500.0,3707.0,80.0,750.0,0.0,0.0,0.0,0.0,40.0,2700.0,0.0,0.0,0.0,0.0,0.0,0.0,0.0,0.0,0.0,0.0,0.0,0.0,216.0,4475.0,0.0,0.0,0.0,0.0,0.0,0.0,0.0,0.0
2021-02-01,월요일,1202504.6,515.0,2005492.2,420.0,1559070.5,1542.0,207.0,16511.0,151591.8,5246.0,823559.6,3704.0,320226.5,1150.0,1224361.0,672.0,91612.8,7457.0,483097.9,2710.0,92547.0,3593.0,645856.0,1165.0,146711.0,6491.0,219029.0,3042.0,141420.5,3029.0,362105.0,2644.0,43768.0,3971.0,318177.0,3570.0,375836.0,4127.0,1066.0,4240.0,48053.4,13484.0
2021-02-02,화요일,892314.2,473.0,1960393.0,419.0,1780293.5,1581.0,281.7,11834.0,138855.6,5510.0,765430.2,3710.0,283851.5,1234.0,840290.4,648.0,64345.8,7798.0,371875.5,2590.0,58218.5,3787.0,572285.0,1087.0,107387.7,6820.0,199834.0,3082.0,137820.0,2948.0,264741.1,2589.0,36628.0,3894.0,143471.0,3543.0,225848.9,4142.0,0.0,0.0,47377.9,12863.0
2021-02-03,수요일,989302.8,473.0,2151081.0,350.0,1655850.7,1581.0,4139.2,17923.0,90177.6,5024.0,719708.2,3833.0,275494.1,1208.0,847776.7,600.0,67054.0,8168.0,363330.7,2665.0,94691.4,4717.0,477406.0,1144.0,118599.8,6822.0,199347.0,2982.0,133385.0,2879.0,193925.5,2744.0,32976.0,3995.0,214556.0,3716.0,302771.0,4061.0,0.0,0.0,42671.4,13198.0
2021-02-04,목요일,912751.0,511.0,1666310.5,411.0,1556567.2,1554.0,4715.6,16630.0,171002.1,5487.0,639412.6,4334.0,303836.0,1193.0,844438.6,616.0,65727.0,8463.0,374854.1,2721.0,23287.0,4105.0,460388.0,1099.0,88244.6,6778.0,199997.5,3030.0,133348.5,2706.0,180772.4,2690.0,34134.0,4387.0,162907.0,3741.0,180027.0,4072.0,760.0,6625.0,49662.5,12859.0
2021-02-05,금요일,966358.2,504.0,1760198.0,403.0,1642246.4,1603.0,329.2,18821.0,85422.3,5369.0,734524.2,4393.0,297611.0,1215.0,891707.0,581.0,71256.6,8742.0,401625.4,2895.0,100640.5,5888.0,547273.0,1094.0,94336.6,7531.0,180928.0,3241.0,136307.8,2528.0,305649.2,2547.0,33570.0,4165.0,197618.0,4098.0,270603.0,4209.0,76.0,2750.0,37629.4,13058.0
2021-02-06,토요일,709011.6,514.0,1859294.3,379.0,1372128.5,1629.0,68.5,15124.0,82810.5,5072.0,720355.7,4288.0,311714.5,1141.0,813844.2,545.0,80030.0,8819.0,440393.0,2651.0,109927.0,5135.0,500615.0,1064.0,133394.8,6860.0,210022.4,3123.0,124662.4,2488.0,213155.0,2413.0,37783.0,4073.0,175107.0,4204.0,211091.1,4173.0,0.0,0.0,46274.3,13246.0
2021-02-07,일요일,12892.8,407.0,21440.2,400.0,29385.0,1318.0,72.0,20250.0,0.0,0.0,23608.0,4342.0,1400.0,715.0,7631.7,447.0,1246.7,8602.0,6271.0,1935.0,1005.0,3259.0,1320.0,898.0,0.0,0.0,1996.0,3295.0,0.0,0.0,2369.0,1737.0,624.0,5159.0,0.0,0.0,1706.0,3946.0,0.0,0.0,1230.0,12475.0
2021-02-08,월요일,1181780.2,544.0,2538525.6,364.0,1862721.4,1613.0,2440.6,8064.0,121827.1,5273.0,949946.5,4131.0,459146.0,1080.0,996798.9,600.0,126355.6,8732.0,592772.9,2844.0,123007.5,4503.0,530444.0,1077.0,212705.9,6538.0,271107.0,3254.0,153507.0,2694.0,409034.0,2456.0,50065.0,4181.0,376668.0,4394.0,460548.0,4164.0,401.8,5488.0,53199.9,13500.0
2021-02-09,화요일,782604.5,597.0,2345867.7,340.0,1545834.0,1644.0,200.1,12654.0,122586.0,5394.0,838145.8,4226.0,352625.0,1157.0,868245.4,576.0,97713.4,8804.0,559744.4,3142.0,121971.7,6136.0,566918.8,1016.0,148471.9,6395.0,252003.1,3328.0,138534.0,2600.0,263129.4,2279.0,43822.2,4300.0,219730.4,4229.0,296228.2,3724.0,0.0,0.0,36341.4,13899.0
2021-02-10,수요일,652004.6,543.0,1690503.9,286.0,950297.1,1688.0,70.0,15729.0,121438.4,5508.0,847524.8,4272.0,321465.5,1114.0,687664.5,578.0,98610.6,9234.0,550906.6,3644.0,127103.8,6524.0,366127.0,1033.0,185000.1,5695.0,232322.0,3427.0,153873.0,2118.0,408392.0,2005.0,46040.0,4414.0,295180.0,3815.0,359495.2,3330.0,1558.0,6463.0,27773.8,14469.0
2021-02-11,목요일,86848.9,439.0,233611.0,271.0,211842.6,1523.0,20.0,2250.0,30048.0,5462.0,357012.1,4080.0,121198.6,774.0,49154.5,499.0,58640.5,8070.0,149142.0,2620.0,12080.5,4789.0,24226.2,1145.0,24292.2,5238.0,128347.3,2538.0,95630.4,1724.0,148391.0,1798.0,23665.8,4485.0,179754.3,2825.0,146284.0,2711.0,0.0,0.0,11255.6,14747.0
2021-02-12,금요일,0.0,0.0,0.0,0.0,0.0,0.0,0.0,0.0,0.0,0.0,0.0,0.0,0.0,0.0,0.0,0.0,0.0,0.0,0.0,0.0,0.0,0.0,0.0,0.0,0.0,0.0,0.0,0.0,0.0,0.0,0.0,0.0,0.0,0.0,0.0,0.0,0.0,0.0,0.0,0.0,0.0,0.0
2021-02-13,토요일,0.0,0.0,0.0,0.0,0.0,0.0,0.0,0.0,0.0,0.0,0.0,0.0,0.0,0.0,0.0,0.0,0.0,0.0,0.0,0.0,0.0,0.0,0.0,0.0,0.0,0.0,0.0,0.0,0.0,0.0,0.0,0.0,0.0,0.0,0.0,0.0,0.0,0.0,0.0,0.0,0.0,0.0
2021-02-14,일요일,0.0,0.0,0.0,0.0,0.0,0.0,0.0,0.0,0.0,0.0,0.0,0.0,0.0,0.0,0.0,0.0,0.0,0.0,0.0,0.0,0.0,0.0,0.0,0.0,0.0,0.0,0.0,0.0,0.0,0.0,0.0,0.0,0.0,0.0,0.0,0.0,0.0,0.0,0.0,0.0,0.0,0.0
2021-02-15,월요일,663794.0,531.0,854154.0,320.0,1151469.5,1787.0,36.0,16667.0,67902.7,5581.0,552981.5,4381.0,206628.0,1226.0,609647.0,601.0,95792.5,8190.0,179618.1,2542.0,77725.0,4580.0,233361.5,961.0,84061.0,6854.0,150850.0,2765.0,110399.0,2026.0,494270.9,1946.0,53414.0,3846.0,666329.0,2386.0,370992.8,3056.0,0.0,0.0,7211.3,16318.0
2021-02-16,화요일,767532.4,621.0,955939.5,332.0,1756851.1,1731.0,54.5,13231.0,141436.2,6074.0,565540.7,4287.0,229865.4,1197.0,670917.5,592.0,103306.2,6698.0,305447.1,2986.0,88300.0,3794.0,356327.6,975.0,156568.0,6158.0,185245.1,2536.0,116117.4,1970.0,438993.7,1887.0,46642.0,3267.0,249719.7,2339.0,334612.3,2557.0,369.0,4851.0,8680.1,15353.0
2021-02-17,수요일,634606.7,634.0,1209234.4,352.0,1356352.0,1832.0,583.5,13692.0,101998.2,5351.0,566432.5,4181.0,205573.0,1290.0,718783.5,586.0,92462.1,4819.0,256714.4,2828.0,87178.5,2890.0,391381.0,1043.0,174650.7,5290.0,160685.8,2704.0,124754.0,1768.0,319078.7,2013.0,44987.0,2520.0,316330.0,2102.0,287757.0,2500.0,369.0,4851.0,6480.8,16327.0
2021-02-18,목요일,414612.7,701.0,1260065.7,349.0,1382505.0,1800.0,35.0,8886.0,80199.4,4947.0,467099.8,4520.0,168331.3,1293.0,713894.7,578.0,82697.2,3725.0,200302.2,2359.0,65731.6,3458.0,343122.4,1029.0,151900.4,4401.0,148070.5,2415.0,113314.8,1580.0,223329.0,2248.0,41150.2,1832.0,209041.4,1911.0,180907.9,2408.0,16.0,7250.0,7990.6,15822.0
2021-02-19,금요일,473572.6,843.0,1253368.8,342.0,1237727.4,1834.0,252.0,14569.0,79012.0,4690.0,507349.9,4524.0,179793.0,1215.0,497077.9,595.0,82286.5,3716.0,251753.1,2437.0,51576.5,2920.0,276582.5,1026.0,131231.9,4363.0,154270.1,2360.0,125898.9,1401.0,337000.5,2232.0,38617.4,1729.0,254634.5,1983.0,235293.7,2402.0,2164.8,4794.0,7147.7,15434.0
2021-02-20,토요일,522285.6,771.0,911743.9,332.0,1018158.2,1861.0,20.0,6250.0,64446.5,5281.0,493684.2,4843.0,149771.4,1322.0,456408.5,589.0,85993.3,3497.0,255832.6,2225.0,52263.0,2997.0,146047.8,1020.0,93992.6,4338.0,175085.8,2300.0,119740.0,1364.0,321628.5,2373.0,42651.5,1787.0,235237.5,2073.0,187877.6,2448.0,1246.0,4439.0,9375.0,15468.0
2021-02-21,일요일,0.0,0.0,0.0,0.0,0.0,0.0,0.0,0.0,0.0,0.0,0.0,0.0,0.0,0.0,0.0,0.0,0.0,0.0,0.0,0.0,0.0,0.0,0.0,0.0,0.0,0.0,0.0,0.0,0.0,0.0,0.0,0.0,0.0,0.0,0.0,0.0,0.0,0.0,0.0,0.0,0.0,0.0
2021-02-22,월요일,1286906.8,633.0,1903225.8,346.0,1723674.9,1875.0,54.0,16667.0,99835.1,5208.0,595422.0,5038.0,364035.4,1210.0,1016178.1,542.0,115914.3,3766.0,401345.6,1892.0,96178.0,3419.0,529560.4,1102.0,132268.5,4345.0,187928.3,2344.0,134664.2,1462.0,453943.5,2665.0,47540.0,2006.0,468438.0,2242.0,415780.2,2452.0,2.0,21500.0,9190.2,14362.0
2021-02-23,화요일,891031.5,658.0,1879834.2,326.0,1707606.8,1856.0,629.7,18737.0,88622.6,4982.0,566002.2,5428.0,287605.9,1123.0,957719.4,515.0,78466.8,4168.0,345447.5,1709.0,69445.3,3718.0,480353.0,1088.0,87162.4,4769.0,182589.0,2326.0,122031.6,1528.0,420891.1,3375.0,40985.0,2077.0,251334.0,2442.0,255599.2,2503.0,0.0,0.0,7291.3,14285.0
2021-02-24,수요일,1039446.2,593.0,2001909.8,307.0,1526277.9,1815.0,138.6,14657.0,78980.3,4845.0,630625.1,5263.0,338588.5,958.0,922118.8,487.0,81137.1,4343.0,328102.5,1794.0,89158.3,3838.0,442964.0,999.0,85225.0,5032.0,177739.5,2285.0,120946.0,1652.0,361483.5,2877.0,41418.0,1972.0,315237.0,2662.0,323825.6,2458.0,1148.0,4510.0,4922.8,13460.0
2021-02-25,목요일,1046203.1,582.0,1752973.6,303.0,1328476.4,1841.0,106.0,13972.0,117215.7,5045.0,548354.1,5276.0,224624.0,1074.0,865831.5,453.0,83880.3,4245.0,319178.2,1843.0,56783.0,4754.0,367328.0,1042.0,62618.5,5473.0,169999.5,2230.0,116619.4,1643.0,286224.0,3029.0,39107.5,2020.0,271552.0,2604.0,231295.5,2406.0,0.0,0.0,7438.0,14104.0
2021-02-26,금요일,765548.8,627.0,1466020.1,310.0,1146663.5,1818.0,250.2,11662.0,93338.2,4676.0,612153.2,5121.0,231402.4,1091.0,854863.2,443.0,85913.2,4047.0,255239.1,2102.0,65803.3,2553.0,294721.2,1075.0,82704.5,6442.0,176977.9,2211.0,153286.0,1625.0,394964.5,2888.0,39377.9,2056.0,300528.0,2443.0,236674.5,2406.0,0.0,0.0,5666.9,13413.0
2021-02-27,토요일,538417.5,591.0,1131514.7,310.0,1131865.0,1800.0,579.8,19473.0,69814.7,4749.0,568221.8,5149.0,205105.4,1018.0,614452.5,434.0,87474.9,3723.0,150439.6,2199.0,97813.5,3228.0,325806.2,1023.0,95354.5,6235.0,170988.2,2168.0,124833.4,1586.0,341379.5,2883.0,42593.8,2010.0,277272.5,2353.0,168717.9,2399.0,32.0,21500.0,6660.6,13416.0
2021-02-28,일요일,0.0,0.0,0.0,0.0,0.0,0.0,0.0,0.0,0.0,0.0,0.0,0.0,0.0,0.0,0.0,0.0,0.0,0.0,0.0,0.0,0.0,0.0,0.0,0.0,0.0,0.0,0.0,0.0,0.0,0.0,0.0,0.0,0.0,0.0,0.0,0.0,0.0,0.0,0.0,0.0,0.0,0.0
2021-03-01,월요일,1030506.1,626.0,1224712.8,318.0,1442568.5,1796.0,38.0,9079.0,79833.2,5078.0,634306.0,5389.0,274293.0,1131.0,715133.8,427.0,118714.7,3962.0,274006.2,2328.0,99024.0,3277.0,251991.0,1024.0,102534.4,6820.0,181750.5,2211.0,138756.0,1658.0,457811.0,3032.0,48426.0,2213.0,474331.0,2368.0,327426.0,2560.0,410.0,4471.0,6614.0,13439.0
2021-03-02,화요일,828406.4,621.0,1643599.9,320.0,1317328.0,1783.0,97.0,20010.0,111577.0,5118.0,614627.2,5242.0,250272.0,1090.0,875394.0,458.0,85700.8,3825.0,219112.2,2035.0,105003.6,2835.0,491223.0,1074.0,87872.4,6721.0,148218.5,2230.0,136060.0,1571.0,298426.9,3233.0,43639.5,2548.0,225642.0,2487.0,176648.4,2832.0,565.8,3938.0,3851.6,15039.0
2021-03-03,수요일,630680.5,676.0,1493123.5,329.0,1298884.5,1732.0,258.0,20903.0,118066.8,5461.0,636403.3,5011.0,246804.5,929.0,720105.6,459.0,86933.8,3985.0,237856.9,1852.0,110803.5,3109.0,341327.0,964.0,165548.2,5873.0,138580.5,2300.0,123956.6,1634.0,287618.6,3127.0,45988.0,2484.0,298253.0,2528.0,237389.0,3070.0,410.0,4585.0,4617.5,12484.0
2021-03-04,목요일,760754.8,666.0,1297204.0,343.0,1575100.2,1682.0,148.2,13130.0,127514.5,5283.0,545493.0,5008.0,192459.5,1212.0,828244.8,454.0,76487.9,4183.0,216582.8,1785.0,30331.1,3940.0,406885.0,997.0,93379.8,5268.0,148519.0,2365.0,131595.8,1568.0,230921.6,3491.0,41250.5,2359.0,199325.0,2995.0,141759.0,3614.0,442.8,4268.0,5087.6,13881.0
2021-03-05,금요일,674168.7,673.0,1785631.5,325.0,1651233.2,1703.0,2946.0,7414.0,100676.2,5045.0,579005.7,5090.0,241814.5,1277.0,801433.0,436.0,80911.1,5113.0,233839.8,1834.0,101751.0,3418.0,441267.5,1019.0,106001.7,5661.0,149562.6,2527.0,135485.1,1578.0,314748.8,3624.0,39064.0,2576.0,262661.0,3430.0,247657.6,4145.0,1148.0,4464.0,4812.4,12111.0
2021-03-06,토요일,334919.8,698.0,1476731.6,314.0,975151.8,1648.0,129.0,13047.0,74151.3,5293.0,543988.1,4927.0,207270.8,1320.0,513660.8,395.0,76742.7,6481.0,255313.9,1822.0,109990.9,3292.0,171126.0,1039.0,96682.9,5998.0,166974.5,2621.0,125231.5,1570.0,280353.0,3741.0,41621.5,3602.0,285265.1,3506.0,209350.6,3441.0,1599.0,3506.0,4232.0,12933.0
2021-03-07,일요일,0.0,0.0,0.0,0.0,0.0,0.0,0.0,0.0,0.0,0.0,0.0,0.0,0.0,0.0,0.0,0.0,0.0,0.0,0.0,0.0,0.0,0.0,0.0,0.0,0.0,0.0,0.0,0.0,0.0,0.0,0.0,0.0,0.0,0.0,0.0,0.0,0.0,0.0,0.0,0.0,0.0,0.0
2021-03-08,월요일,1249586.8,670.0,1922615.5,309.0,1451854.4,1653.0,108.4,13759.0,92100.7,5157.0,659050.8,4797.0,366259.5,1258.0,926012.6,394.0,111552.3,6303.0,325509.2,1736.0,121839.3,3460.0,495036.0,993.0,108774.8,6191.0,184363.0,2636.0,130140.0,1693.0,558156.2,4093.0,48938.0,3663.0,557127.0,2999.0,377898.7,3317.0,2136.0,4511.0,4319.5,12205.0
2021-03-09,화요일,784708.5,655.0,2043257.7,287.0,1248918.6,1631.0,151.0,16164.0,117811.3,5162.0,616845.9,4320.0,287561.0,1161.0,852998.3,375.0,78395.2,5817.0,291116.9,1518.0,120393.2,3563.0,481031.6,1017.0,82121.1,5856.0,177462.0,2610.0,128611.0,1661.0,280820.8,3752.0,46303.5,2938.0,294482.2,2967.0,218820.2,3210.0,0.0,0.0,3986.0,12861.0
2021-03-10,수요일,810348.6,668.0,2012296.7,276.0,1463495.8,1615.0,220.6,11292.0,125682.4,5182.0,641833.9,4045.0,259857.5,1230.0,809960.1,370.0,80192.3,5916.0,262737.6,1446.0,126451.6,3881.0,396493.0,1012.0,138973.5,5690.0,165165.5,2587.0,128379.4,1699.0,335930.7,3958.0,43048.0,2673.0,328098.0,2749.0,292863.7,3146.0,525.6,9396.0,1567.6,11624.0
2021-03-11,목요일,728613.0,639.0,1765420.2,272.0,1398739.1,1610.0,174.0,12560.0,126580.5,10141.0,641977.2,3997.0,265883.5,1265.0,756130.5,366.0,75115.3,5817.0,244942.5,1387.0,32774.5,3773.0,335791.5,1060.0,77719.3,5673.0,155666.9,2508.0,125337.5,1701.0,351383.2,4396.0,40961.0,2563.0,313364.0,2791.0,201975.8,3154.0,0.0,0.0,5746.0,12551.0
2021-03-12,금요일,773908.2,766.0,1680986.8,270.0,1238347.2,1620.0,376.6,17872.0,97475.3,5005.0,642938.7,4011.0,250148.0,1310.0,731170.3,369.0,80743.4,6047.0,223614.0,1415.0,130954.9,3532.0,285615.9,1089.0,107655.8,5736.0,174369.3,2482.0,123822.8,1743.0,418595.3,3921.0,44872.8,2664.0,359766.5,2996.0,277588.6,3124.0,0.0,0.0,5208.1,13101.0
2021-03-13,토요일,204325.0,907.0,1375578.3,247.0,921955.4,1666.0,507.5,16458.0,126725.1,5227.0,584561.8,3910.0,202803.5,1443.0,824383.9,363.0,86548.3,5874.0,202242.8,1490.0,135567.7,3031.0,362803.4,1015.0,72876.9,5855.0,171259.1,2474.0,119591.0,1807.0,359018.9,3750.0,51672.8,2491.0,395110.5,2674.0,229558.4,2920.0,451.0,4576.0,3091.0,13578.0
2021-03-14,일요일,0.0,0.0,0.0,0.0,0.0,0.0,0.0,0.0,0.0,0.0,0.0,0.0,0.0,0.0,0.0,0.0,0.0,0.0,0.0,0.0,0.0,0.0,0.0,0.0,0.0,0.0,0.0,0.0,0.0,0.0,0.0,0.0,0.0,0.0,0.0,0.0,0.0,0.0,0.0,0.0,0.0,0.0
2021-03-15,월요일,991229.7,757.0,1395537.2,284.0,1564584.0,1621.0,338.8,20844.0,113911.7,5239.0,648600.6,3924.0,266472.9,1666.0,816022.0,360.0,123546.1,5593.0,259774.8,1536.0,141283.3,3381.0,393558.6,1020.0,119814.9,5576.0,199230.1,2500.0,139496.8,2117.0,579016.7,3873.0,56776.6,2646.0,635483.4,2557.0,408665.5,2931.0,864.0,3200.0,2254.4,14044.0
2021-03-16,화요일,860904.5,756.0,1193128.3,319.0,1325556.1,1656.0,363.6,18905.0,120105.0,5057.0,589449.2,3936.0,252169.3,1631.0,783266.8,364.0,84282.7,5507.0,224721.4,1598.0,137449.2,3491.0,428890.2,978.0,99878.7,5828.0,193463.2,2368.0,131000.2,2075.0,356970.4,3747.0,50137.7,2630.0,333785.0,2543.0,227129.9,2912.0,410.0,4559.0,1568.4,14180.0
2021-03-17,수요일,804964.8,771.0,1246573.7,353.0,1318938.7,1719.0,103.2,19461.0,102409.8,5004.0,611167.5,3843.0,246805.1,1585.0,727019.6,382.0,87684.1,5283.0,208333.0,1667.0,147412.3,3603.0,426515.8,916.0,152123.4,5659.0,164775.3,2426.0,125641.3,1905.0,419708.2,3773.0,46960.0,2443.0,437930.8,2503.0,290622.7,2955.0,738.0,3523.0,1141.6,11607.0
2021-03-18,목요일,770273.8,703.0,1325527.4,365.0,1584770.2,1721.0,301.0,22093.0,107579.2,5044.0,565401.5,3796.0,242970.9,1718.0,642647.2,390.0,84627.0,5037.0,206520.3,1713.0,40799.7,3761.0,367691.0,943.0,123026.0,5215.0,160127.4,2364.0,129402.7,1791.0,405106.5,3593.0,46890.4,2332.0,372855.2,2509.0,213205.5,2920.0,366.6,2676.0,1878.0,13305.0
2021-03-19,금요일,421168.8,804.0,997002.0,322.0,1587149.7,1772.0,107.0,15753.0,266089.7,4119.0,406600.3,3857.0,255311.1,1637.0,401149.2,376.0,85764.6,5150.0,203978.0,1586.0,146227.1,3688.0,390550.6,931.0,118938.8,5294.0,169553.4,2382.0,143783.4,1708.0,497057.5,3467.0,47884.0,2403.0,485209.2,2407.0,316603.0,2755.0,590.4,4268.0,1145.6,14811.0
2021-03-20,토요일,220561.8,1001.0,1566868.4,331.0,1358038.5,1670.0,139.2,9576.0,87145.3,4734.0,508504.8,3953.0,224970.0,1798.0,719424.7,385.0,90537.0,5090.0,206271.4,1593.0,141878.6,3470.0,306260.0,889.0,92061.5,5407.0,171425.0,2320.0,132416.3,1640.0,548066.5,3213.0,50351.5,2426.0,505033.0,2249.0,264688.2,2467.0,295.2,3865.0,1146.0,11087.0
2021-03-21,일요일,0.0,0.0,0.0,0.0,0.0,0.0,0.0,0.0,0.0,0.0,0.0,0.0,0.0,0.0,0.0,0.0,0.0,0.0,0.0,0.0,0.0,0.0,0.0,0.0,0.0,0.0,0.0,0.0,0.0,0.0,0.0,0.0,0.0,0.0,0.0,0.0,0.0,0.0,0.0,0.0,0.0,0.0
2021-03-22,월요일,1051739.4,758.0,1795774.0,321.0,1793033.9,1665.0,74.2,21846.0,194687.7,5397.0,594325.3,4176.0,343419.5,1668.0,643601.7,488.0,131822.3,4869.0,241888.0,1633.0,159800.4,3544.0,394755.8,902.0,136520.1,5389.0,185999.3,2436.0,148824.6,1607.0,716179.4,3153.0,64592.2,2411.0,896389.5,1835.0,524853.6,2345.0,0.0,0.0,1748.8,11824.0
2021-03-23,화요일,801745.9,719.0,1713467.8,288.0,1642574.1,1647.0,831.7,15414.0,111366.9,5157.0,526811.2,4136.0,298492.1,1458.0,541950.1,575.0,87696.6,4464.0,187013.2,1559.0,147815.3,3471.0,392410.0,881.0,77577.7,5585.0,172002.1,2359.0,131741.4,1581.0,423817.3,2978.0,54235.0,2150.0,430254.7,1742.0,303410.5,2110.0,1024.0,4570.0,526.0,11359.0
2021-03-24,수요일,715562.8,790.0,1670025.3,273.0,1940242.1,1562.0,307.0,19482.0,111368.9,5030.0,547752.3,4101.0,286594.1,1547.0,756196.3,530.0,84678.7,4307.0,201719.5,1536.0,155297.6,3460.0,371103.2,928.0,131738.6,5709.0,156055.5,2374.0,135997.3,1577.0,455000.7,2996.0,46550.8,1996.0,453634.7,1962.0,328864.5,2137.0,1369.4,2337.0,452.0,15807.0
2021-03-25,목요일,835082.3,736.0,1684142.5,257.0,1685726.9,1486.0,198.0,16621.0,114009.6,4948.0,550652.8,4035.0,257623.3,1478.0,721236.5,458.0,78131.7,4417.0,191553.5,1608.0,49419.3,3442.0,297153.0,927.0,87424.0,5482.0,162873.0,2302.0,128175.8,1579.0,389185.5,2921.0,41250.5,2087.0,441211.2,2158.0,232912.6,2170.0,720.0,3736.0,376.0,11866.0
2021-03-26,금요일,639985.8,790.0,1447793.9,252.0,2329322.3,1250.0,137.8,12763.0,120823.3,5104.0,556535.1,3925.0,259056.9,1571.0,706802.7,393.0,79597.3,4766.0,178408.4,1635.0,162607.7,2813.0,273133.6,948.0,100538.4,5762.0,159527.7,2364.0,138901.0,1519.0,506428.5,2918.0,41110.4,2371.0,518123.2,2119.0,377572.6,2134.0,80.0,5050.0,320.0,11541.0
2021-03-27,토요일,358929.3,916.0,1135663.5,249.0,1883131.2,1157.0,1116.0,15916.0,75920.3,5156.0,574638.7,3759.0,238807.0,1683.0,554570.6,389.0,83646.8,4872.0,171938.5,1690.0,156612.0,2583.0,190745.0,901.0,100860.0,5570.0,169784.5,2333.0,128651.1,1459.0,443140.5,2943.0,47562.5,2596.0,539198.0,2014.0,329430.0,1914.0,0.0,0.0,410.0,18568.0
2021-03-28,일요일,0.0,0.0,0.0,0.0,0.0,0.0,0.0,0.0,0.0,0.0,0.0,0.0,0.0,0.0,0.0,0.0,0.0,0.0,0.0,0.0,0.0,0.0,0.0,0.0,0.0,0.0,0.0,0.0,0.0,0.0,0.0,0.0,0.0,0.0,0.0,0.0,0.0,0.0,0.0,0.0,0.0,0.0
2021-03-29,월요일,998175.6,808.0,1406453.0,293.0,2336130.0,1053.0,165.2,19740.0,91777.8,5313.0,553295.1,3945.0,307582.7,1755.0,697170.9,381.0,121285.7,4979.0,193754.4,1776.0,174174.4,2517.0,368056.5,1067.0,141291.9,5589.0,195894.5,2347.0,141478.6,1452.0,670696.8,2922.0,60576.0,2558.0,932681.0,1860.0,581400.0,1866.0,115.0,6739.0,734.0,14715.0
2021-03-30,화요일,801904.3,770.0,1188082.1,312.0,1963294.1,1087.0,884.8,14095.0,189685.5,5924.0,534009.6,3880.0,307468.5,1560.0,540881.9,372.0,82453.5,5026.0,173645.8,1803.0,161970.3,2511.0,281178.0,1084.0,95757.2,5643.0,179732.5,2294.0,128047.5,1460.0,440032.4,3126.0,50531.0,2448.0,444061.2,2020.0,362611.6,1790.0,0.0,0.0,0.0,0.0
2021-03-31,수요일,780660.6,844.0,1584587.6,291.0,2018756.0,1101.0,275.2,12153.0,141404.1,5287.0,485351.7,3804.0,268534.3,1557.0,604905.5,379.0,83599.4,4942.0,167143.3,1796.0,160288.7,2920.0,423067.0,1013.0,167953.4,5305.0,154214.5,2262.0,128477.0,1460.0,468878.2,2937.0,49323.0,2369.0,516020.0,2051.0,371759.0,1783.0,192.0,7156.0,0.0,0.0
2021-04-01,목요일,730019.2,789.0,1640140.8,285.0,2136962.1,1178.0,481.6,15238.0,151747.9,5481.0,503438.6,3721.0,301656.7,1443.0,659132.4,402.0,82598.2,4747.0,170251.2,1724.0,59481.9,2888.0,291871.0,1051.0,162108.8,4871.0,152357.1,2215.0,136924.5,1416.0,426616.7,3161.0,46795.0,2302.0,495133.0,2020.0,261442.2,1871.0,0.0,0.0,226.0,21965.0
2021-04-02,금요일,877183.0,760.0,1437748.4,285.0,2297235.5,1161.0,110.0,13409.0,128455.0,5267.0,534553.1,3734.0,253197.0,1456.0,747541.4,389.0,69167.8,5148.0,148258.6,1815.0,139450.5,2425.0,345453.0,1141.0,162604.2,4870.0,144239.5,2202.0,122102.0,1383.0,469812.5,2976.0,41623.0,2533.0,622443.0,1956.0,375095.0,1842.0,24.0,4875.0,76.0,7684.0
2021-04-03,토요일,362324.6,942.0,1235301.4,275.0,1989148.2,1219.0,81.4,18022.0,151135.5,5459.0,499288.2,3948.0,307412.3,1272.0,563914.4,376.0,88157.6,5201.0,161854.8,1787.0,160382.5,2133.0,164852.0,949.0,134355.1,4377.0,169365.5,2194.0,122760.5,1352.0,482499.5,3064.0,55954.5,2721.0,736456.0,1862.0,328033.0,1780.0,0.0,0.0,224.0,21094.0
2021-04-04,일요일,0.0,0.0,0.0,0.0,0.0,0.0,0.0,0.0,0.0,0.0,0.0,0.0,0.0,0.0,0.0,0.0,0.0,0.0,0.0,0.0,0.0,0.0,0.0,0.0,0.0,0.0,0.0,0.0,0.0,0.0,0.0,0.0,0.0,0.0,0.0,0.0,0.0,0.0,0.0,0.0,0.0,0.0
2021-04-05,월요일,1083041.5,761.0,1638493.8,288.0,2195670.2,1246.0,146.0,16584.0,94011.5,5602.0,596224.2,3878.0,329888.4,1403.0,658686.0,411.0,127981.1,5022.0,177584.9,1966.0,165156.0,2345.0,501513.0,1105.0,166260.1,4252.0,183167.5,2270.0,124148.0,1601.0,699246.0,3030.0,68469.0,2639.0,1177865.5,1697.0,599165.7,1753.0,0.0,0.0,380.0,15162.0
2021-04-06,화요일,865634.0,800.0,943912.1,306.0,2082645.3,1249.0,574.0,7503.0,114131.5,5433.0,520311.2,3961.0,327438.9,1328.0,544854.0,442.0,88097.3,4731.0,161547.9,1916.0,157199.5,2264.0,352603.0,1092.0,124974.8,4132.0,174492.5,2244.0,116385.6,1704.0,443990.9,2946.0,57651.0,2171.0,622555.0,1613.0,341560.4,1781.0,0.0,0.0,0.0,0.0
2021-04-07,수요일,819919.8,782.0,1060489.1,332.0,2375952.0,1193.0,69.0,21474.0,213528.1,5229.0,543060.3,3856.0,309427.6,1267.0,642803.2,397.0,90062.2,4620.0,163733.5,1966.0,149529.2,2317.0,418855.0,968.0,170386.2,4113.0,156405.1,2238.0,117431.0,1707.0,477375.4,3159.0,48221.0,2120.0,593384.4,1586.0,354927.6,1876.0,525.6,7808.0,0.0,0.0
2021-04-08,목요일,640249.2,772.0,1299883.6,342.0,2663052.9,1165.0,1389.0,7560.0,311127.4,3815.0,513823.1,3911.0,289832.2,1374.0,645454.7,386.0,80917.0,4501.0,158224.0,1936.0,101478.3,1957.0,457968.0,1012.0,172106.5,3929.0,166668.1,2219.0,124693.4,1620.0,392773.0,3199.0,47667.0,2231.0,598782.2,1673.0,251837.0,2002.0,1083.6,7833.0,0.0,0.0
2021-04-09,금요일,755628.5,774.0,1440229.6,330.0,3100895.7,1035.0,64.0,21781.0,118650.3,5317.0,538323.4,3866.0,299134.8,1252.0,684179.7,365.0,81873.6,4948.0,152672.2,1946.0,147311.3,2047.0,371799.0,961.0,205025.1,3547.0,165628.5,2261.0,126973.0,1603.0,531784.1,3290.0,53111.5,2405.0,672422.2,1807.0,385882.0,2039.0,912.0,3489.0,188.0,22713.0
2021-04-10,토요일,423351.0,932.0,1319963.4,296.0,2658327.3,962.0,211.0,15472.0,89499.6,4740.0,518800.7,3867.0,293218.3,1163.0,652304.9,351.0,83329.0,5043.0,138934.0,1940.0,138807.8,2370.0,174230.0,903.0,144727.3,3263.0,169815.0,2331.0,118972.6,1609.0,455337.2,3618.0,54723.0,2641.0,667809.0,1791.0,365875.6,1880.0,738.0,2913.0,0.0,0.0
2021-04-11,일요일,0.0,0.0,0.0,0.0,0.0,0.0,0.0,0.0,0.0,0.0,0.0,0.0,0.0,0.0,0.0,0.0,0.0,0.0,0.0,0.0,0.0,0.0,0.0,0.0,0.0,0.0,0.0,0.0,0.0,0.0,0.0,0.0,0.0,0.0,0.0,0.0,0.0,0.0,0.0,0.0,0.0,0.0
2021-04-12,월요일,1289148.4,708.0,1604293.6,307.0,3734676.5,888.0,128.0,13312.0,98364.0,5147.0,549309.0,4048.0,339106.5,1347.0,923281.6,446.0,116407.0,5234.0,162556.0,2031.0,146999.9,2628.0,489807.0,1049.0,208398.7,3326.0,186020.5,2387.0,128083.0,1996.0,880095.8,3468.0,58381.0,2848.0,1185682.0,1680.0,653146.5,1785.0,864.0,2613.0,188.0,20771.0
2021-04-13,화요일,820565.0,741.0,1341864.5,311.0,2422019.5,859.0,415.0,16185.0,88653.7,5401.0,528573.0,3961.0,290667.7,1505.0,651318.5,433.0,76211.0,5667.0,148139.2,2065.0,143766.7,2264.0,416740.0,961.0,117635.2,3567.0,169563.5,2346.0,118549.0,1821.0,489372.4,3551.0,52797.5,2751.0,680215.1,1575.0,378963.9,1619.0,147.6,2439.0,0.0,0.0
2021-04-14,수요일,926223.0,704.0,1013410.0,334.0,2342587.9,937.0,53.4,17599.0,84611.1,5436.0,462365.5,4044.0,323732.0,1372.0,504621.0,412.0,85837.7,5662.0,139194.6,2091.0,142776.0,2157.0,275386.0,887.0,160830.3,3563.0,169190.0,2300.0,128633.0,1738.0,454954.3,3368.0,60834.0,2516.0,745323.8,1659.0,445275.5,1618.0,147.6,2439.0,0.0,0.0
2021-04-15,목요일,864535.0,717.0,891420.5,378.0,2374409.2,843.0,121.4,18474.0,159375.3,6102.0,489036.2,3915.0,334604.4,1259.0,594759.0,391.0,82558.4,5263.0,143483.0,2043.0,124185.5,1964.0,304091.6,1027.0,130214.8,3636.0,155688.1,2227.0,129375.6,1663.0,446240.6,3373.0,56394.0,2298.0,611645.0,1752.0,292179.8,1685.0,120.0,3992.0,178.0,21270.0
2021-04-16,금요일,781910.4,730.0,1338648.4,386.0,2728943.1,810.0,374.0,16278.0,111625.3,5436.0,552643.1,3854.0,311688.6,1262.0,742832.7,345.0,83680.5,5310.0,138212.5,2108.0,133797.4,2063.0,379742.0,952.0,151350.7,3848.0,173336.1,2309.0,126373.0,1713.0,542365.3,3407.0,54430.0,2319.0,687742.1,1731.0,391360.5,1706.0,57.0,2979.0,0.0,0.0
2021-04-17,토요일,299307.8,993.0,1267811.2,333.0,2636052.2,735.0,184.6,12091.0,81843.8,5094.0,497686.0,3795.0,277492.3,1274.0,692926.0,288.0,83739.7,5458.0,127514.3,2383.0,130886.8,2171.0,183360.5,886.0,142710.9,3660.0,175529.5,2278.0,118352.5,1773.0,512732.4,3362.0,55252.5,2412.0,778207.0,1605.0,337199.3,1672.0,1032.0,3229.0,0.0,0.0
2021-04-18,일요일,0.0,0.0,0.0,0.0,0.0,0.0,0.0,0.0,0.0,0.0,0.0,0.0,0.0,0.0,0.0,0.0,0.0,0.0,0.0,0.0,0.0,0.0,0.0,0.0,0.0,0.0,0.0,0.0,0.0,0.0,0.0,0.0,0.0,0.0,0.0,0.0,0.0,0.0,0.0,0.0,0.0,0.0
2021-04-19,월요일,981236.4,802.0,1595014.9,333.0,3848339.2,639.0,1380.6,8407.0,123125.1,4678.0,598477.7,3706.0,356394.9,1375.0,785438.5,286.0,115827.4,5513.0,153725.9,2349.0,134495.4,2500.0,450248.0,1275.0,162249.2,3618.0,186992.0,2351.0,133062.0,1896.0,735693.5,3371.0,60205.0,2566.0,1279108.1,1517.0,606306.5,1672.0,779.0,3109.0,0.0,0.0
2021-04-20,화요일,838601.8,760.0,1476121.0,320.0,2899582.6,693.0,132.0,17439.0,158232.4,5017.0,555911.4,3657.0,340600.4,1220.0,753174.0,287.0,77496.7,5628.0,129594.1,2409.0,132250.0,2433.0,453790.0,1085.0,163068.1,3531.0,173229.8,2344.0,121244.0,1936.0,459372.0,3258.0,47087.0,2708.0,740741.0,1507.0,389791.4,1675.0,0.0,0.0,0.0,0.0
2021-04-21,수요일,774730.6,772.0,1213305.9,317.0,2718384.4,615.0,508.0,17553.0,116080.2,5073.0,544413.8,3541.0,333887.8,1111.0,671055.0,248.0,80081.0,5618.0,132601.7,2504.0,132075.6,2121.0,299805.0,1115.0,183634.1,3129.0,155707.5,2302.0,126192.2,1931.0,490448.6,3260.0,46942.0,2938.0,880019.4,1421.0,488071.0,1625.0,1423.5,4163.0,0.0,0.0
2021-04-22,목요일,694067.4,779.0,1168837.6,319.0,2775445.6,601.0,677.4,13896.0,123023.4,5072.0,527778.2,3321.0,323378.3,1090.0,629214.9,244.0,72870.7,5652.0,118323.2,2504.0,122918.9,1768.0,370351.0,1116.0,174194.1,3132.0,147396.5,2258.0,123724.3,1819.0,393058.8,3253.0,49102.5,2835.0,889925.3,1250.0,376371.3,1537.0,0.0,0.0,0.0,0.0
2021-04-23,금요일,826395.6,789.0,1258487.3,328.0,2524226.7,625.0,162.0,12953.0,285411.0,3566.0,536476.5,3054.0,329564.5,1102.0,530710.2,242.0,78775.6,6063.0,122701.2,2560.0,127936.8,1897.0,324178.0,1073.0,115722.8,3689.0,154012.5,2298.0,126279.2,1782.0,627922.7,3222.0,55264.4,2842.0,1045772.0,1090.0,549544.7,1362.0,80.0,6945.0,280.0,22364.0
2021-04-24,토요일,466084.3,965.0,938210.8,322.0,1939965.5,654.0,325.8,17247.0,90730.1,4473.0,489381.4,3084.0,285106.7,1110.0,482550.9,328.0,89294.8,5923.0,112552.8,2485.0,120267.5,2027.0,178282.5,961.0,118236.2,3919.0,175223.5,2245.0,122080.5,1713.0,529552.0,3136.0,67449.0,2678.0,1100872.1,956.0,470747.5,1166.0,1297.2,3986.0,0.0,0.0
2021-04-25,일요일,0.0,0.0,0.0,0.0,0.0,0.0,0.0,0.0,0.0,0.0,0.0,0.0,0.0,0.0,0.0,0.0,0.0,0.0,0.0,0.0,0.0,0.0,0.0,0.0,0.0,0.0,0.0,0.0,0.0,0.0,0.0,0.0,0.0,0.0,0.0,0.0,0.0,0.0,0.0,0.0,0.0,0.0
2021-04-26,월요일,761292.0,711.0,964113.5,371.0,2151030.3,651.0,174.0,14954.0,88025.8,4549.0,427207.0,3131.0,348257.0,1129.0,432638.5,426.0,100721.8,5631.0,107416.8,2657.0,100164.7,2017.0,327802.0,1049.0,104671.6,4314.0,139145.5,2293.0,103115.2,1656.0,539315.3,2992.0,57405.0,2373.0,1154053.6,969.0,465798.4,1137.0,864.0,5840.0,0.0,0.0
2021-04-27,화요일,874013.7,797.0,1272340.7,375.0,2896714.7,633.0,96.1,19775.0,175394.2,4726.0,570774.1,3024.0,357557.1,1070.0,659146.0,326.0,83436.7,5423.0,109432.9,2629.0,116221.1,1916.0,408402.0,1032.0,115402.3,4441.0,160752.5,2240.0,122225.8,1625.0,552679.1,2768.0,66464.0,1970.0,907298.0,1326.0,422774.7,1187.0,0.0,0.0,0.0,0.0
2021-04-28,수요일,866166.8,702.0,1063282.7,419.0,2985919.3,669.0,169.8,11461.0,152697.6,5138.0,578838.0,2893.0,360325.5,1060.0,695606.0,280.0,89082.3,5291.0,111108.1,2602.0,117080.1,2008.0,403211.0,1012.0,196727.6,3756.0,158913.0,2174.0,131592.0,1516.0,577836.6,2764.0,57388.5,1801.0,1033683.0,1202.0,470588.5,1180.0,10.0,6400.0,0.0,0.0
2021-04-29,목요일,726454.1,674.0,844422.0,426.0,1892725.8,602.0,532.0,17278.0,69127.2,4698.0,434071.3,2740.0,306480.0,997.0,479617.0,294.0,66225.9,5038.0,90464.8,2605.0,84742.9,1814.0,284899.0,934.0,115823.0,3788.0,116990.0,2112.0,96934.5,1418.0,348341.3,2694.0,41674.5,1717.0,664109.0,1160.0,277784.2,1193.0,571.0,6479.0,0.0,0.0
2021-04-30,금요일,822933.4,659.0,1281845.0,389.0,2321679.7,593.0,628.0,16736.0,255779.8,3361.0,549193.8,2699.0,355066.4,859.0,574373.0,320.0,87171.2,5081.0,101860.2,2611.0,112912.2,1705.0,390139.0,948.0,155907.9,3679.0,157492.5,2131.0,136453.4,1370.0,652085.8,2526.0,54063.3,1755.0,827174.9,1297.0,482224.0,1218.0,147.6,3659.0,0.0,0.0
2021-05-01,토요일,351227.5,629.0,428243.1,424.0,1804477.4,602.0,148.6,6254.0,69942.6,4513.0,378841.5,2658.0,248543.2,949.0,362119.6,349.0,68458.6,4995.0,78386.1,2667.0,78510.4,1965.0,107619.0,830.0,116742.8,3479.0,119532.5,2120.0,92023.0,1284.0,372849.4,2497.0,41166.0,1669.0,548237.5,1455.0,293325.0,1178.0,0.0,0.0,0.0,0.0
2021-05-02,일요일,0.0,0.0,0.0,0.0,0.0,0.0,0.0,0.0,0.0,0.0,0.0,0.0,0.0,0.0,0.0,0.0,0.0,0.0,0.0,0.0,0.0,0.0,0.0,0.0,0.0,0.0,0.0,0.0,0.0,0.0,0.0,0.0,0.0,0.0,0.0,0.0,0.0,0.0,0.0,0.0,0.0,0.0
2021-05-03,월요일,804952.0,624.0,1271273.8,396.0,2266070.4,595.0,368.0,24582.0,100646.9,4882.0,455396.6,2961.0,354875.5,1012.0,566531.8,333.0,100382.8,4994.0,108590.6,2657.0,80317.0,2888.0,326720.0,1055.0,175555.6,3202.0,147767.5,2189.0,99687.0,1361.0,551133.8,2449.0,49804.0,1782.0,835962.6,1607.0,442492.6,1222.0,1921.6,2826.0,0.0,0.0
2021-05-04,화요일,952820.9,642.0,1667718.1,361.0,3013181.2,584.0,548.0,21618.0,196920.9,5408.0,589887.8,3023.0,376652.0,1011.0,825280.9,333.0,81577.5,4997.0,116071.2,2527.0,100427.3,3009.0,403460.5,1012.0,148140.8,3329.0,174147.5,2225.0,132406.7,1360.0,500487.0,2275.0,52598.4,1950.0,648694.4,1788.0,404155.9,1283.0,1048.2,4450.0,0.0,0.0
2021-05-05,수요일,931162.4,578.0,1255744.3,356.0,2258338.8,591.0,365.0,8485.0,135420.5,5404.0,563863.2,3009.0,321884.0,1016.0,693785.0,310.0,78612.3,5153.0,100726.8,2489.0,93607.8,2913.0,384619.5,999.0,183154.0,3203.0,167715.5,2227.0,138681.0,1358.0,512014.5,2294.0,47070.0,2112.0,775265.2,1614.0,454423.4,1235.0,820.0,2549.0,0.0,0.0
2021-05-06,목요일,809967.4,595.0,1331682.6,349.0,2173439.2,666.0,576.4,22897.0,151829.7,5195.0,477460.0,3127.0,339189.6,1041.0,685710.0,315.0,76190.3,5265.0,103345.4,2602.0,89147.6,2822.0,325571.0,982.0,189691.6,2901.0,143498.5,2280.0,122511.5,1368.0,421473.1,2263.0,50441.0,1945.0,824645.2,1514.0,368777.1,1282.0,0.0,0.0,0.0,0.0
2021-05-07,금요일,849227.2,594.0,1213623.6,354.0,2669457.0,612.0,519.2,19540.0,192218.7,4524.0,574580.0,2898.0,349586.5,981.0,715883.8,293.0,80596.6,5671.0,110351.9,2635.0,87328.1,2938.0,435407.0,981.0,172529.1,2918.0,150923.0,2377.0,131718.0,1380.0,521764.8,2303.0,49336.0,1996.0,811801.0,1663.0,429541.0,1242.0,1369.4,4117.0,0.0,0.0
2021-05-08,토요일,491871.8,661.0,677411.4,357.0,2666281.4,619.0,218.0,15326.0,148935.9,4851.0,555564.4,2891.0,337975.9,1021.0,533852.5,305.0,85038.0,6198.0,98535.3,2759.0,90714.5,3256.0,182143.0,937.0,164880.4,2748.0,165509.0,2556.0,128565.5,1422.0,491970.0,2339.0,51893.1,2246.0,984291.5,1476.0,396444.3,1226.0,864.0,8302.0,0.0,0.0
2021-05-09,일요일,0.0,0.0,0.0,0.0,0.0,0.0,0.0,0.0,0.0,0.0,0.0,0.0,0.0,0.0,0.0,0.0,0.0,0.0,0.0,0.0,0.0,0.0,0.0,0.0,0.0,0.0,0.0,0.0,0.0,0.0,0.0,0.0,0.0,0.0,0.0,0.0,0.0,0.0,0.0,0.0,0.0,0.0
2021-05-10,월요일,1195283.8,562.0,1580279.8,378.0,3896843.1,560.0,607.6,19483.0,180823.7,4139.0,680941.8,2738.0,378835.5,1138.0,639133.6,326.0,111082.7,6894.0,125047.5,2792.0,97762.3,3706.0,501777.0,1006.0,208823.3,2792.0,188574.8,2685.0,149150.5,1534.0,745805.1,2309.0,56311.0,2663.0,1711758.0,1271.0,662289.0,1221.0,832.2,4143.0,0.0,0.0
2021-05-11,화요일,1128840.0,586.0,1373227.9,372.0,3217292.5,580.0,324.0,17272.0,209545.2,3933.0,636044.7,2514.0,332548.7,1104.0,540595.6,379.0,77432.8,7117.0,100595.8,2806.0,95343.7,3099.0,476598.0,968.0,185022.4,2775.0,174564.5,2639.0,132176.0,1553.0,490100.2,2167.0,53578.0,2506.0,911603.0,1215.0,412517.5,1246.0,2560.2,5539.0,0.0,0.0
2021-05-12,수요일,1079252.8,459.0,1392961.0,355.0,3339763.5,525.0,297.4,20679.0,205691.5,4640.0,582292.4,2204.0,324172.8,1107.0,661232.8,440.0,86215.4,6590.0,97606.4,2775.0,91706.7,2613.0,342081.5,965.0,201899.1,2597.0,158714.5,2512.0,129912.0,1500.0,520707.4,2212.0,48763.0,2254.0,970382.8,1080.0,421848.0,1255.0,0.0,0.0,0.0,0.0
2021-05-13,목요일,928919.5,391.0,1305971.5,333.0,2920466.8,485.0,69.0,10091.0,249850.4,4033.0,626615.4,1995.0,332468.5,979.0,576582.9,455.0,83395.7,5998.0,101344.3,2609.0,89285.8,2192.0,359411.0,1025.0,194072.7,2388.0,151911.5,2472.0,131318.0,1423.0,418249.6,2167.0,48459.0,2153.0,858682.4,1271.0,308894.4,1406.0,394.2,4118.0,0.0,0.0
2021-05-14,금요일,951364.9,481.0,1311800.1,333.0,2528824.3,491.0,390.8,15033.0,185474.0,4262.0,627488.2,1717.0,337729.5,924.0,575900.0,526.0,81490.6,5675.0,93544.6,2694.0,95866.5,1695.0,365895.0,975.0,173604.1,2481.0,166516.5,2485.0,136925.4,1382.0,568420.6,2120.0,47814.5,2021.0,998694.0,1337.0,399891.1,1418.0,0.0,0.0,0.0,0.0
2021-05-15,토요일,469546.9,507.0,773877.5,340.0,2107069.8,491.0,274.0,2746.0,148146.0,4231.0,556021.2,1880.0,312946.0,882.0,454374.0,591.0,86849.7,5556.0,93735.7,2615.0,93116.6,1956.0,150182.2,949.0,152813.1,2398.0,167978.0,2463.0,121459.0,1284.0,509758.8,2011.0,51096.9,2094.0,1104852.7,1163.0,408426.0,1335.0,416.1,3812.0,0.0,0.0
2021-05-16,일요일,0.0,0.0,0.0,0.0,0.0,0.0,0.0,0.0,0.0,0.0,0.0,0.0,0.0,0.0,0.0,0.0,0.0,0.0,0.0,0.0,0.0,0.0,0.0,0.0,0.0,0.0,0.0,0.0,0.0,0.0,0.0,0.0,0.0,0.0,0.0,0.0,0.0,0.0,0.0,0.0,0.0,0.0
2021-05-17,월요일,864236.6,535.0,1580645.5,320.0,2179423.5,510.0,81.0,18963.0,184174.5,5002.0,565899.7,2048.0,363167.0,935.0,644700.1,530.0,128925.3,5322.0,111186.8,2545.0,97383.6,2087.0,429514.5,1055.0,160527.2,2691.0,180926.0,2436.0,127184.5,1339.0,765883.6,2003.0,65026.5,1887.0,1996811.8,1010.0,683277.7,1225.0,0.0,0.0,0.0,0.0
2021-05-18,화요일,873611.2,423.0,1284197.0,305.0,1809610.8,487.0,171.8,16059.0,173968.9,4438.0,553666.5,1915.0,349399.3,789.0,553438.0,476.0,99158.5,4573.0,101235.3,2608.0,100147.2,1872.0,424221.0,969.0,143787.7,2922.0,171942.5,2393.0,125544.8,1302.0,542261.5,1881.0,57894.0,1633.0,1061441.0,974.0,412103.6,1198.0,0.0,0.0,0.0,0.0
2021-05-19,수요일,838794.9,429.0,1301518.5,277.0,1890163.2,495.0,578.8,7792.0,149165.7,4166.0,546732.1,1680.0,336544.0,832.0,566541.9,473.0,96251.7,3853.0,321594.6,797.0,95304.0,1595.0,390387.0,972.0,142331.6,2797.0,159893.5,2313.0,124963.5,1258.0,573410.0,1796.0,50008.6,1503.0,959397.0,1060.0,302914.0,1345.0,766.5,4070.0,0.0,0.0
2021-05-20,목요일,803062.0,477.0,1240011.3,290.0,2470497.8,578.0,66.0,18197.0,246366.2,3822.0,630648.3,1568.0,342336.5,771.0,591424.0,464.0,82796.9,4022.0,111709.4,2162.0,68892.1,2257.0,284413.0,952.0,171536.6,2588.0,159531.0,2149.0,124632.0,1245.0,530335.7,1719.0,43509.3,1357.0,842843.1,1244.0,261202.3,1752.0,0.0,0.0,0.0,0.0
2021-05-21,금요일,741487.1,560.0,1180163.6,282.0,1916539.3,520.0,508.0,17429.0,184596.0,4144.0,614400.5,1559.0,298957.9,809.0,553818.3,524.0,79110.6,4789.0,205438.6,1039.0,72979.0,2054.0,377793.5,909.0,149094.4,2922.0,146531.0,2328.0,124843.3,1274.0,667653.4,1724.0,35823.2,1796.0,876187.8,1292.0,372780.9,1868.0,171.0,14626.0,0.0,0.0
2021-05-22,토요일,659043.2,494.0,713730.5,333.0,1527708.0,526.0,68.6,12939.0,115751.7,4231.0,545121.5,1574.0,315401.9,887.0,454992.0,616.0,93118.5,4801.0,97570.7,2212.0,77604.6,2831.0,146725.0,918.0,166306.7,2853.0,172080.0,2279.0,115973.0,1314.0,598750.0,1598.0,41831.0,2425.0,798599.0,1394.0,356543.2,1959.0,403.0,11278.0,70.0,12657.0
2021-05-23,일요일,0.0,0.0,0.0,0.0,0.0,0.0,0.0,0.0,0.0,0.0,0.0,0.0,0.0,0.0,0.0,0.0,0.0,0.0,0.0,0.0,0.0,0.0,0.0,0.0,0.0,0.0,0.0,0.0,0.0,0.0,0.0,0.0,0.0,0.0,0.0,0.0,0.0,0.0,0.0,0.0,0.0,0.0
2021-05-24,월요일,1131205.0,482.0,1681120.6,317.0,3171969.8,531.0,354.0,21288.0,365234.3,3477.0,732053.7,1384.0,390055.1,946.0,684195.8,618.0,120496.3,4700.0,177524.1,1474.0,89774.6,3321.0,451438.0,1026.0,197313.7,2698.0,339065.5,1309.0,129404.6,1472.0,843096.5,1615.0,44395.5,2567.0,786176.8,2306.0,451361.7,2390.0,600.0,10250.0,0.0,0.0
2021-05-25,화요일,1085139.8,445.0,1434499.4,320.0,3231816.3,522.0,675.4,17385.0,370642.8,3623.0,715184.0,1330.0,339513.0,1013.0,559584.1,667.0,81129.1,4488.0,99610.2,2386.0,83649.7,2257.0,379595.0,989.0,106759.8,3215.0,159561.0,2469.0,119150.9,1496.0,568938.7,1589.0,40797.0,2798.0,623795.0,2005.0,322874.0,2290.0,433.0,6817.0,0.0,0.0
2021-05-26,수요일,988189.5,427.0,1325804.5,322.0,3215704.0,524.0,568.0,20923.0,377401.9,3846.0,709184.1,1220.0,391816.0,845.0,709479.6,561.0,90875.2,4721.0,162812.3,1479.0,78398.2,2033.0,427429.0,965.0,146619.9,3344.0,159564.5,2493.0,129702.2,1506.0,595426.4,1615.0,39387.6,3139.0,591028.0,2526.0,314161.0,2543.0,167.0,8503.0,0.0,0.0
2021-05-27,목요일,817523.7,503.0,1125327.5,334.0,3299058.2,533.0,90.2,10576.0,388415.0,3205.0,648263.2,1145.0,374481.6,749.0,677923.9,410.0,82895.7,5106.0,90185.8,2809.0,72101.5,2084.0,359977.0,975.0,137343.6,3804.0,150838.5,2427.0,125727.0,1466.0,442629.8,1695.0,36795.0,3520.0,603593.4,2247.0,233362.8,2873.0,888.0,2495.0,0.0,0.0
2021-05-28,금요일,849335.0,560.0,1178141.1,321.0,2732815.0,499.0,932.9,13640.0,254352.4,3702.0,572282.2,1239.0,292335.6,854.0,653552.5,445.0,83981.9,5877.0,89467.3,2994.0,72569.7,2321.0,350264.0,950.0,119749.7,4042.0,147786.5,2562.0,121380.0,1569.0,581753.5,1710.0,35623.2,4330.0,831469.0,2017.0,313179.3,2948.0,360.0,10228.0,104.0,35288.0
2021-05-29,토요일,689876.2,460.0,838156.2,324.0,2138322.0,482.0,849.0,17866.0,171443.6,3282.0,516451.7,1287.0,263184.4,865.0,544994.7,369.0,91349.5,5385.0,92683.5,2790.0,76043.9,2129.0,130145.0,894.0,127932.5,3776.0,157249.5,2563.0,114816.1,1593.0,518170.0,1631.0,43344.5,4672.0,771646.5,1820.0,291046.8,2770.0,95.0,12042.0,76.0,37105.0
2021-05-30,일요일,0.0,0.0,0.0,0.0,0.0,0.0,0.0,0.0,0.0,0.0,0.0,0.0,0.0,0.0,0.0,0.0,0.0,0.0,0.0,0.0,0.0,0.0,0.0,0.0,0.0,0.0,0.0,0.0,0.0,0.0,0.0,0.0,0.0,0.0,0.0,0.0,0.0,0.0,0.0,0.0,0.0,0.0
2021-05-31,월요일,930848.8,560.0,1384439.6,309.0,2802654.0,491.0,1102.2,15274.0,388983.5,3451.0,660141.7,1258.0,381780.5,935.0,596775.5,463.0,120482.2,5129.0,106166.4,2799.0,76719.9,2449.0,506791.0,966.0,174055.3,3640.0,170033.9,2552.0,128513.5,1667.0,741457.9,1621.0,42933.0,4736.0,1322775.0,1514.0,500630.6,2450.0,336.0,11789.0,132.0,28106.0
2021-06-01,화요일,1008336.1,542.0,1392737.3,324.0,2486285.5,488.0,45.0,21111.0,444558.8,3588.0,667353.9,1142.0,371523.7,865.0,710403.5,392.0,90126.0,5140.0,101972.5,2528.0,74881.3,2412.0,392025.0,960.0,155913.7,3569.0,176707.5,2514.0,132349.0,1624.0,551082.5,1609.0,43703.0,4812.0,856597.5,1446.0,384102.9,2042.0,961.4,1779.0,102.0,24569.0
2021-06-02,수요일,969983.2,481.0,1329386.5,339.0,2636681.7,486.0,295.0,16759.0,353719.2,3853.0,659705.8,1021.0,376876.5,798.0,753353.8,411.0,95474.9,5208.0,92695.7,2747.0,70236.8,2316.0,426822.0,925.0,243246.1,3179.0,157772.5,2553.0,127605.0,1584.0,549675.3,1650.0,45941.0,4809.0,1144136.2,1376.0,459649.2,1820.0,50.0,12000.0,104.0,37019.0
2021-06-03,목요일,900069.4,507.0,1226956.0,365.0,2527825.7,502.0,1278.0,9492.0,349660.2,3749.0,601713.0,1085.0,318994.9,798.0,652648.0,356.0,88154.7,4951.0,93586.0,2990.0,83529.1,1812.0,366764.6,916.0,229090.9,2546.0,133319.5,2503.0,116219.0,1566.0,460706.6,1886.0,46095.0,3716.0,1017886.0,1312.0,424094.8,1553.0,2365.0,4239.0,0.0,0.0
2021-06-04,금요일,775638.4,560.0,1174359.7,349.0,1958090.5,496.0,562.0,20121.0,205151.3,4426.0,570660.7,1064.0,299979.3,819.0,574814.0,349.0,95517.1,5009.0,94304.9,2841.0,72992.3,1840.0,355416.3,858.0,170193.8,2804.0,151063.4,2524.0,125296.0,1543.0,525447.5,1710.0,45529.5,3761.0,1089566.0,1314.0,491393.6,1374.0,719.0,13281.0,188.0,25912.0
2021-06-05,토요일,734788.1,487.0,713634.1,387.0,1511208.4,514.0,439.0,16909.0,223975.5,4034.0,434453.4,1219.0,277736.4,911.0,485500.0,317.0,111336.4,4815.0,99346.9,2596.0,72915.3,2170.0,162419.0,843.0,169775.0,2594.0,167111.0,2580.0,119236.5,1508.0,522733.5,1660.0,51507.4,3911.0,980821.0,1365.0,366743.9,1330.0,520.0,10703.0,464.0,29269.0
2021-06-06,일요일,0.0,0.0,0.0,0.0,0.0,0.0,0.0,0.0,0.0,0.0,0.0,0.0,0.0,0.0,0.0,0.0,0.0,0.0,0.0,0.0,0.0,0.0,0.0,0.0,0.0,0.0,0.0,0.0,0.0,0.0,0.0,0.0,0.0,0.0,0.0,0.0,0.0,0.0,0.0,0.0,0.0,0.0
2021-06-07,월요일,778468.0,553.0,972210.5,417.0,1878402.0,555.0,46.0,18804.0,142095.5,4036.0,569008.5,1041.0,323656.5,1128.0,495399.0,416.0,122563.1,4068.0,89391.3,2669.0,61959.5,2432.0,407848.6,905.0,167104.2,2517.0,140540.5,2600.0,92601.7,1582.0,557172.0,1667.0,40333.0,3817.0,1112424.7,1300.0,377006.9,1368.0,664.0,12518.0,442.0,26715.0
2021-06-08,화요일,1049246.2,464.0,1357621.6,387.0,2975343.7,568.0,107.0,15075.0,339245.2,4421.0,656709.9,976.0,380623.9,948.0,567529.8,367.0,103077.7,3689.0,100511.8,2654.0,71920.5,2251.0,345175.4,901.0,178491.3,2622.0,160862.0,2560.0,123303.5,1566.0,589072.5,1607.0,46793.3,3160.0,1038337.0,1446.0,404009.9,1397.0,671.0,11263.0,454.0,31982.0
2021-06-09,수요일,976028.6,466.0,1236086.5,402.0,2624090.4,537.0,35.0,21729.0,303396.2,4199.0,620460.6,903.0,350528.5,847.0,535292.7,396.0,101458.3,3707.0,97093.2,2726.0,70319.3,2036.0,300148.5,913.0,238013.7,2524.0,154330.5,2576.0,125088.5,1542.0,648778.7,1586.0,44183.4,2732.0,1009256.6,1393.0,411748.2,1396.0,1730.0,12548.0,592.0,25019.0
2021-06-10,목요일,806317.5,518.0,1166637.7,405.0,2428258.6,548.0,132.0,14318.0,241443.4,4120.0,567830.3,884.0,333193.0,807.0,574390.4,353.0,100360.3,3425.0,93662.8,2491.0,63906.5,1763.0,449416.9,893.0,203479.7,2118.0,149750.0,2532.0,123515.5,1446.0,503027.5,1569.0,43615.5,2469.0,972958.6,1432.0,361700.3,1409.0,1149.0,11792.0,486.0,26379.0
2021-06-11,금요일,987269.4,495.0,1100246.0,394.0,2506305.0,559.0,60.0,12433.0,188467.1,4402.0,508337.2,1072.0,291601.5,828.0,520171.4,403.0,101252.2,3495.0,94757.6,2391.0,70759.3,1514.0,369494.0,891.0,240527.3,2059.0,162348.8,2484.0,119411.0,1437.0,575033.0,1567.0,40679.0,2757.0,1100843.8,1355.0,413104.0,1343.0,2198.0,11116.0,444.0,26836.0
2021-06-12,토요일,247898.0,568.0,493762.7,375.0,1261938.2,570.0,68.8,18558.0,91828.0,4989.0,351860.9,1200.0,196144.5,972.0,381851.4,551.0,80364.4,3537.0,73700.0,2345.0,55404.0,1618.0,117758.0,816.0,121730.7,2158.0,124945.5,2464.0,91499.0,1379.0,345056.5,1547.0,36937.5,2836.0,836577.8,1324.0,270765.0,1314.0,808.0,11662.0,774.0,23411.0
2021-06-13,일요일,0.0,0.0,0.0,0.0,0.0,0.0,0.0,0.0,0.0,0.0,0.0,0.0,0.0,0.0,0.0,0.0,0.0,0.0,0.0,0.0,0.0,0.0,0.0,0.0,0.0,0.0,0.0,0.0,0.0,0.0,0.0,0.0,0.0,0.0,0.0,0.0,0.0,0.0,0.0,0.0,0.0,0.0
2021-06-14,월요일,1036899.1,418.0,995636.4,385.0,1573104.0,590.0,81.2,9202.0,119391.9,4594.0,497245.6,946.0,329043.0,953.0,434231.0,549.0,119829.4,3348.0,80616.0,2624.0,55842.8,2425.0,375777.0,881.0,129873.3,2305.0,133199.5,2521.0,82208.8,1459.0,500546.2,1528.0,38048.5,3327.0,1250011.8,1148.0,397693.4,1297.0,2244.0,11195.0,1002.0,22947.0
2021-06-15,화요일,853047.0,402.0,1006980.3,339.0,1651882.6,607.0,51.0,9000.0,104766.7,4802.0,486034.6,813.0,308596.7,925.0,451181.5,513.0,82259.3,2877.0,67529.9,2705.0,53143.0,2001.0,250814.0,821.0,130650.8,2319.0,124205.5,2410.0,72829.8,1581.0,382067.7,1459.0,32969.0,3068.0,753238.2,1156.0,254277.0,1333.0,2228.0,9844.0,580.0,21960.0
2021-06-16,수요일,876813.2,379.0,721198.1,346.0,1473964.9,620.0,412.0,17621.0,106017.6,4455.0,434736.2,712.0,278947.5,821.0,460259.0,348.0,81845.1,2858.0,68842.5,2833.0,57975.5,1443.0,288297.0,815.0,162082.9,2297.0,116414.6,2420.0,81959.2,1600.0,348864.4,1468.0,27762.0,3718.0,682652.8,1193.0,227825.2,1507.0,1706.0,11262.0,1327.0,22353.0
2021-06-17,목요일,931903.0,384.0,875979.1,367.0,2071723.6,599.0,542.6,17676.0,230835.1,4702.0,506963.5,830.0,303657.5,853.0,513672.5,333.0,96015.3,2882.0,84440.1,2678.0,61347.5,1435.0,385310.5,812.0,190237.7,2061.0,134162.0,2376.0,116629.3,1507.0,495095.5,1479.0,36989.0,3006.0,723336.9,1427.0,259735.0,1941.0,2641.0,10794.0,1203.0,21953.0
2021-06-18,금요일,942734.7,438.0,1209487.1,370.0,2026595.1,606.0,94.0,21170.0,182958.7,5148.0,583227.8,827.0,306074.3,919.0,518253.1,381.0,97428.8,3169.0,85541.0,2651.0,64494.5,1525.0,386444.0,847.0,179356.6,2322.0,156255.0,2356.0,118182.4,1506.0,654833.0,1443.0,35982.0,3464.0,650979.0,1775.0,301001.0,2372.0,5167.0,10686.0,1109.0,22546.0
2021-06-19,토요일,502956.9,515.0,609786.1,357.0,1830025.6,620.0,208.4,14792.0,105159.0,4777.0,516431.1,838.0,260498.5,917.0,419238.0,562.0,96623.9,3660.0,78992.1,2685.0,71233.5,1881.0,166834.0,718.0,157607.3,2296.0,170160.0,2272.0,117624.5,1446.0,667008.5,1331.0,40835.0,3688.0,725008.0,1753.0,310781.5,2202.0,6246.5,10187.0,1254.0,23655.0
2021-06-20,일요일,0.0,0.0,0.0,0.0,0.0,0.0,0.0,0.0,0.0,0.0,0.0,0.0,0.0,0.0,0.0,0.0,0.0,0.0,0.0,0.0,0.0,0.0,0.0,0.0,0.0,0.0,0.0,0.0,0.0,0.0,0.0,0.0,0.0,0.0,0.0,0.0,0.0,0.0,0.0,0.0,0.0,0.0
2021-06-21,월요일,1154732.6,491.0,1327605.1,370.0,2681667.4,587.0,378.0,21669.0,363941.0,4090.0,608979.8,855.0,308475.5,1144.0,563246.8,530.0,134208.4,3517.0,90856.5,2998.0,73870.0,1803.0,469301.0,843.0,255072.5,2315.0,185830.0,2358.0,130861.9,1503.0,803609.6,1338.0,42910.3,3954.0,1114044.9,1454.0,505180.8,1745.0,9937.0,9306.0,1563.0,24130.0
2021-06-22,화요일,1044954.4,448.0,1283663.4,378.0,2444273.5,573.0,118.4,17193.0,168618.9,4542.0,608394.4,777.0,344303.6,1042.0,589366.0,425.0,96358.7,3244.0,79375.6,2832.0,69504.5,1680.0,368715.5,797.0,196907.1,2167.0,161314.5,2276.0,120175.7,1475.0,470657.8,1344.0,36553.5,4304.0,859773.0,1489.0,345815.5,1569.0,9243.0,8787.0,2528.0,20086.0
2021-06-23,수요일,1155965.6,435.0,1089787.2,380.0,2554002.7,587.0,133.0,17270.0,192077.8,4666.0,540276.1,783.0,308131.0,1120.0,589028.0,401.0,95024.5,3413.0,79059.0,3022.0,71099.5,1351.0,416878.5,814.0,202812.8,2222.0,156459.1,2332.0,116121.6,1454.0,462415.0,1398.0,34820.5,4336.0,913933.2,1482.0,364079.3,1408.0,10716.0,8660.0,2569.2,24207.0
2021-06-24,목요일,1069110.2,551.0,848227.7,410.0,2081429.4,601.0,265.4,16058.0,151673.9,4803.0,532898.9,772.0,270374.5,1310.0,513487.2,433.0,89620.4,3468.0,86009.2,3098.0,58316.1,1616.0,416077.3,779.0,180469.9,1895.0,167183.8,2014.0,116137.1,1428.0,416172.3,1474.0,34382.0,4680.0,867465.4,1421.0,336340.3,1402.0,10031.0,7991.0,2242.6,21035.0
2021-06-25,금요일,1063037.6,430.0,1162206.2,372.0,2153258.5,561.0,193.0,12417.0,154977.4,4640.0,520286.7,749.0,301259.6,1329.0,589092.0,429.0,93526.8,3803.0,66359.0,3444.0,67800.4,1357.0,405465.0,759.0,173524.1,2123.0,156456.5,2221.0,123391.8,1423.0,461408.9,1492.0,38913.5,4771.0,828777.0,1398.0,335494.8,1354.0,12350.0,8580.0,1235.5,24735.0
2021-06-26,토요일,750283.5,434.0,992134.5,315.0,1637885.8,561.0,471.0,14817.0,117370.3,4478.0,516849.2,722.0,315837.5,1217.0,471414.5,465.0,100848.7,3830.0,60986.4,4064.0,70953.6,1450.0,187020.0,742.0,141621.7,2218.0,171576.5,2222.0,123829.5,1394.0,455550.0,1502.0,42141.0,4798.0,821743.6,1345.0,354574.0,1268.0,12885.0,8089.0,2250.7,22999.0
2021-06-27,일요일,0.0,0.0,0.0,0.0,0.0,0.0,0.0,0.0,0.0,0.0,0.0,0.0,0.0,0.0,0.0,0.0,0.0,0.0,0.0,0.0,0.0,0.0,0.0,0.0,0.0,0.0,0.0,0.0,0.0,0.0,0.0,0.0,0.0,0.0,0.0,0.0,0.0,0.0,0.0,0.0,0.0,0.0
2021-06-28,월요일,1272311.6,491.0,1208313.7,378.0,2602957.4,572.0,201.0,19269.0,261120.7,5096.0,569139.6,803.0,377063.1,1140.0,603179.1,476.0,140611.4,3696.0,84435.9,4235.0,72701.4,1945.0,442985.6,738.0,206173.6,2390.0,186154.0,2252.0,131597.6,1419.0,609090.8,1546.0,52453.5,4484.0,1297622.6,1307.0,684388.8,1157.0,23714.0,7468.0,3764.1,21826.0
2021-06-29,화요일,1209050.4,513.0,919052.9,430.0,2597617.9,547.0,780.2,19231.0,192482.9,4968.0,608737.2,726.0,354146.5,1000.0,652003.4,452.0,103127.9,3327.0,84250.5,3565.0,65004.7,1424.0,389982.5,702.0,159796.6,2401.0,158166.8,2207.0,123933.8,1412.0,378711.7,1573.0,44409.6,3998.0,851531.0,1285.0,431911.9,1086.0,20456.0,7115.0,4476.7,21442.0
2021-06-30,수요일,1240344.6,438.0,1049845.3,417.0,1937009.4,491.0,724.0,12149.0,193699.9,4531.0,609475.5,632.0,345149.5,964.0,527699.9,438.0,102569.8,3353.0,80160.0,3074.0,61412.5,1532.0,410947.7,715.0,188173.2,2482.0,146633.0,2186.0,120557.0,1377.0,393638.8,1596.0,41235.0,3626.0,887236.5,1216.0,431535.5,1025.0,19282.0,7315.0,4216.6,21013.0
2021-07-01,목요일,1163653.4,430.0,1157126.2,418.0,1769670.1,496.0,473.0,16338.0,177624.4,5314.0,491704.7,687.0,333615.2,935.0,552826.9,484.0,96926.0,3134.0,77633.4,2823.0,57527.0,1467.0,250808.0,698.0,205114.1,2315.0,141581.0,2161.0,118113.0,1295.0,305096.4,1779.0,38250.8,3434.0,849808.5,1163.0,396194.0,1011.0,17692.0,7002.0,3449.5,20808.0
2021-07-02,금요일,1303960.1,405.0,1109845.5,469.0,1943910.6,552.0,61.5,17358.0,223982.0,4897.0,533695.3,733.0,337299.5,1018.0,637033.5,484.0,99798.4,3434.0,69856.9,2845.0,63043.3,1370.0,299295.0,713.0,206705.1,2352.0,165873.0,2200.0,124784.4,1264.0,327541.9,1950.0,40106.0,4045.0,833458.8,1140.0,442451.1,1002.0,21261.5,7342.0,4036.4,23283.0
2021-07-03,토요일,1058052.2,444.0,897125.2,561.0,1386565.0,517.0,274.0,16788.0,112729.8,4969.0,455689.0,871.0,321446.6,1113.0,495044.0,528.0,109881.4,3780.0,67180.0,2993.0,64793.2,1622.0,155041.0,697.0,129239.7,2634.0,168148.7,2219.0,122456.0,1206.0,365480.5,2325.0,43922.0,4735.0,804946.1,1171.0,422527.5,953.0,24557.0,6982.0,5145.0,22121.0
2021-07-04,일요일,0.0,0.0,0.0,0.0,0.0,0.0,0.0,0.0,0.0,0.0,0.0,0.0,0.0,0.0,0.0,0.0,0.0,0.0,0.0,0.0,0.0,0.0,0.0,0.0,0.0,0.0,0.0,0.0,0.0,0.0,0.0,0.0,0.0,0.0,0.0,0.0,0.0,0.0,0.0,0.0,0.0,0.0
2021-07-05,월요일,1431413.1,712.0,1093224.4,608.0,2356146.5,576.0,137.4,25629.0,129755.3,5276.0,524391.2,1253.0,323373.5,1337.0,677921.0,590.0,138495.5,3844.0,91263.4,3308.0,67856.2,2215.0,465967.0,736.0,159575.9,2982.0,188620.6,2229.0,124027.5,1293.0,509655.2,2454.0,51668.0,4512.0,970910.4,1422.0,579829.5,1099.0,33280.0,7294.0,7053.3,23548.0
2021-07-06,화요일,1674970.1,456.0,1058593.8,640.0,2198060.8,571.0,1735.0,11029.0,185685.6,5408.0,583304.7,980.0,404014.0,1126.0,710025.4,458.0,102637.7,3497.0,75862.3,3101.0,59040.0,2464.0,347262.2,731.0,116435.7,3608.0,158059.0,2228.0,122281.6,1292.0,391875.6,2315.0,46616.5,3905.0,563788.4,1577.0,371849.6,1206.0,31318.0,7103.0,7292.0,21460.0
2021-07-07,수요일,1430376.1,430.0,1010419.0,669.0,1428777.8,641.0,26.0,23462.0,122490.3,5568.0,529700.5,1037.0,418732.4,923.0,666430.8,415.0,96379.2,3560.0,72977.6,3155.0,61214.0,1771.0,325008.4,725.0,150434.9,3787.0,147317.0,2217.0,113982.4,1286.0,445363.7,1965.0,40977.0,3554.0,545672.0,1524.0,355242.0,1111.0,18537.0,7168.0,9343.1,20613.0
2021-07-08,목요일,1184566.4,396.0,1168216.9,613.0,1136019.2,741.0,310.0,14406.0,123917.3,5372.0,544561.6,911.0,302178.7,937.0,588958.6,407.0,72394.2,3613.0,58606.4,2955.0,48269.6,1485.0,280766.0,712.0,160586.3,3070.0,124075.0,2177.0,103194.5,1262.0,320612.1,1761.0,33428.0,3272.0,542769.8,1444.0,335462.6,995.0,24576.0,7036.0,5811.4,19373.0
2021-07-09,금요일,1063179.6,387.0,1131554.5,464.0,1570556.3,634.0,353.8,18467.0,112165.1,5342.0,555735.7,738.0,346800.6,882.0,605178.5,412.0,89405.8,3863.0,65353.7,2952.0,59434.0,1444.0,334648.0,729.0,166348.2,2644.0,160241.2,2148.0,107987.6,1284.0,429604.1,1744.0,33479.0,3723.0,616357.5,1410.0,391688.4,883.0,29179.0,7335.0,8861.3,19631.0
2021-07-10,토요일,844552.6,357.0,865188.7,326.0,1446521.5,595.0,62.0,23855.0,129096.3,5362.0,562685.6,556.0,322321.0,802.0,463991.0,298.0,106509.1,3790.0,58190.4,3411.0,59996.0,1577.0,141950.0,625.0,99489.1,2771.0,160534.5,2121.0,110709.6,1320.0,449847.5,1485.0,38245.0,4114.0,642186.3,1308.0,366244.5,752.0,37370.5,7432.0,8241.5,18543.0
2021-07-11,일요일,0.0,0.0,0.0,0.0,0.0,0.0,0.0,0.0,0.0,0.0,0.0,0.0,0.0,0.0,0.0,0.0,0.0,0.0,0.0,0.0,0.0,0.0,0.0,0.0,0.0,0.0,0.0,0.0,0.0,0.0,0.0,0.0,0.0,0.0,0.0,0.0,0.0,0.0,0.0,0.0,0.0,0.0
2021-07-12,월요일,1112466.5,396.0,1207640.5,347.0,1967897.1,594.0,204.0,24086.0,139784.7,5481.0,564654.3,634.0,330527.7,1047.0,637705.1,345.0,127873.2,3783.0,63977.5,3844.0,66274.5,1719.0,449358.0,742.0,119055.2,3045.0,183112.8,2088.0,119012.0,1372.0,651807.7,1475.0,41529.7,5064.0,889309.7,1256.0,520161.1,730.0,45351.0,7177.0,12148.1,17840.0
2021-07-13,화요일,1107738.0,311.0,1197861.2,293.0,1405877.6,572.0,511.0,23987.0,137104.0,5449.0,529185.4,604.0,341732.5,896.0,543010.5,286.0,85080.0,3518.0,63231.5,3487.0,61168.5,1555.0,275495.6,663.0,129197.2,3008.0,150338.5,1948.0,113720.0,1297.0,425075.5,1350.0,34697.4,4973.0,520596.3,1281.0,319445.6,730.0,42514.0,7143.0,14672.0,16677.0
2021-07-14,수요일,1287530.4,324.0,1055478.7,314.0,1706974.7,543.0,533.2,23920.0,110587.9,5827.0,474654.7,555.0,332122.8,758.0,533657.5,250.0,87687.7,3381.0,57572.4,3439.0,54626.0,1066.0,254090.0,737.0,162148.3,2528.0,150237.7,1751.0,114931.6,1193.0,421487.8,1343.0,36448.5,5706.0,478109.0,1399.0,338191.1,743.0,38875.0,7025.0,15326.8,16302.0
2021-07-15,목요일,898059.2,349.0,869884.7,326.0,1337980.3,570.0,612.6,22738.0,86220.6,5511.0,454886.4,511.0,296441.0,784.0,438435.1,356.0,81959.6,3289.0,54716.6,3536.0,46731.5,1250.0,218470.0,687.0,168484.6,2520.0,138325.8,1699.0,111891.6,1060.0,338552.0,1424.0,33598.0,6613.0,473511.5,1654.0,311404.8,730.0,39940.0,6819.0,17794.7,15845.0
2021-07-16,금요일,789261.4,374.0,906420.3,334.0,1458955.0,605.0,490.0,22460.0,106752.5,6003.0,369321.5,608.0,263074.5,891.0,464958.0,349.0,81866.0,3786.0,55821.2,3679.0,51938.5,1118.0,290671.0,753.0,162254.7,2647.0,153819.2,1688.0,114583.3,997.0,368884.0,1444.0,34199.5,7777.0,557632.0,1729.0,373049.0,721.0,49754.0,6756.0,16687.6,16575.0
2021-07-17,토요일,464933.9,547.0,637957.1,345.0,832296.5,567.0,220.2,22710.0,95423.5,6044.0,317532.3,1021.0,225526.0,1007.0,386881.0,385.0,69028.4,4915.0,39742.1,4589.0,41837.5,1837.0,88933.0,625.0,136067.2,2525.0,130820.0,1674.0,99456.5,1012.0,348381.0,1307.0,36730.0,8269.0,607781.3,1753.0,347887.2,628.0,54562.0,6643.0,13337.5,15901.0
2021-07-18,일요일,0.0,0.0,0.0,0.0,0.0,0.0,0.0,0.0,0.0,0.0,0.0,0.0,0.0,0.0,0.0,0.0,0.0,0.0,0.0,0.0,0.0,0.0,0.0,0.0,0.0,0.0,0.0,0.0,0.0,0.0,0.0,0.0,0.0,0.0,0.0,0.0,0.0,0.0,0.0,0.0,0.0,0.0
2021-07-19,월요일,1100897.0,458.0,1290534.6,340.0,1530646.5,652.0,341.8,23466.0,154822.4,5511.0,509542.2,891.0,302175.5,1437.0,590180.6,451.0,117282.7,5227.0,42121.1,5868.0,53596.6,2893.0,378138.0,866.0,197644.8,2643.0,169789.1,1691.0,101897.8,1256.0,566039.5,1384.0,44870.0,7885.0,868598.4,1481.0,475092.4,656.0,71943.0,6727.0,17839.6,16579.0
2021-07-20,화요일,891058.6,516.0,940881.1,418.0,1708067.1,622.0,1365.2,20753.0,106666.4,5704.0,500836.7,851.0,304806.0,1436.0,584629.0,372.0,86821.0,4945.0,40165.9,5311.0,52679.4,2662.0,287877.0,806.0,174285.0,2439.0,152693.0,1701.0,102976.3,1311.0,374004.5,1378.0,40096.7,6976.0,525164.3,1503.0,347699.4,698.0,68814.0,6123.0,25075.7,16744.0
2021-07-21,수요일,1063877.8,373.0,1014229.7,388.0,1379169.7,613.0,477.0,21297.0,89204.9,6108.0,527283.4,693.0,301084.5,1213.0,531661.5,391.0,90527.7,4870.0,36993.7,5218.0,48533.7,2000.0,285773.5,817.0,241092.9,2112.0,142117.0,1636.0,110302.9,1226.0,371874.3,1386.0,42981.0,6133.0,525702.9,1573.0,346753.8,675.0,67931.0,6154.0,22589.4,16215.0
2021-07-22,목요일,892805.2,397.0,944810.5,372.0,1633881.7,620.0,1262.8,18538.0,96063.0,5871.0,514575.0,606.0,283098.6,1243.0,535947.0,314.0,82423.8,4794.0,34047.4,5233.0,42023.0,2492.0,394951.0,757.0,194722.4,1798.0,129909.0,1628.0,107315.3,1166.0,322143.5,1387.0,39357.0,5838.0,492149.4,1726.0,325112.2,665.0,73635.0,5887.0,28175.6,15763.0
2021-07-23,금요일,1012010.4,355.0,924853.2,344.0,1827127.7,636.0,821.8,20303.0,77315.5,5935.0,469880.2,646.0,325674.1,1138.0,431076.5,500.0,86790.1,4715.0,39136.8,4527.0,46811.6,1868.0,303180.0,724.0,233649.5,1639.0,145151.6,1652.0,111055.3,1104.0,280308.8,1488.0,40326.0,5428.0,504537.4,1867.0,314103.2,654.0,89835.5,5565.0,31131.1,15081.0
2021-07-24,토요일,636611.2,412.0,545598.1,339.0,1333246.5,597.0,1332.6,20377.0,73749.8,5943.0,388913.6,820.0,278364.0,1081.0,451150.5,466.0,96014.7,4616.0,24669.6,6382.0,49300.0,1703.0,81430.0,655.0,212950.4,1345.0,153900.3,1633.0,109034.1,1096.0,301702.4,1533.0,44519.5,4989.0,604495.3,1559.0,296418.2,620.0,97987.5,5350.0,29847.0,13712.0
2021-07-25,일요일,0.0,0.0,0.0,0.0,0.0,0.0,0.0,0.0,0.0,0.0,0.0,0.0,0.0,0.0,0.0,0.0,0.0,0.0,0.0,0.0,0.0,0.0,0.0,0.0,0.0,0.0,0.0,0.0,0.0,0.0,0.0,0.0,0.0,0.0,0.0,0.0,0.0,0.0,0.0,0.0,0.0,0.0
2021-07-26,월요일,906231.4,611.0,1143364.3,403.0,1688171.8,617.0,1466.8,20302.0,116879.4,3325.0,515160.0,780.0,312824.0,1428.0,499856.5,651.0,123553.6,4473.0,23509.6,7795.0,54999.0,2312.0,371085.0,799.0,245669.2,1556.0,178866.5,1636.0,108045.8,1230.0,478161.3,1604.0,44328.0,5340.0,835505.1,1389.0,397474.0,693.0,118418.5,5383.0,33884.9,14706.0
2021-07-27,화요일,865125.6,601.0,964146.2,485.0,1562374.7,607.0,2829.3,19692.0,111638.2,5816.0,535457.2,725.0,320405.4,1244.0,503736.0,643.0,90178.7,4071.0,21938.6,7427.0,50378.1,1947.0,291671.0,717.0,185578.5,1722.0,160806.8,1543.0,104390.3,1282.0,260965.8,1705.0,41614.0,4666.0,568931.2,1375.0,293293.6,872.0,110281.0,5293.0,29820.0,14577.0
2021-07-28,수요일,832213.3,585.0,873415.5,579.0,1524724.7,646.0,1753.2,20558.0,103044.8,6342.0,474284.6,706.0,297803.0,1213.0,514416.5,553.0,86493.4,4148.0,19731.9,7556.0,46993.5,1675.0,289670.5,792.0,196840.8,1734.0,152357.6,1544.0,108709.3,1220.0,349643.6,1757.0,41381.0,4419.0,544762.8,1354.0,258369.6,1083.0,112219.5,5128.0,31722.8,14280.0
2021-07-29,목요일,782651.1,596.0,1138537.6,469.0,1773969.0,614.0,3001.6,19635.0,89687.6,6613.0,488847.6,794.0,266164.9,1377.0,492119.6,628.0,81400.8,4564.0,20553.9,7429.0,44376.0,1929.0,289941.0,755.0,185165.8,1696.0,128133.0,1419.0,102211.5,1159.0,276189.7,1796.0,34296.0,4685.0,508213.6,1363.0,241075.9,1146.0,126901.5,4981.0,34744.3,13598.0
2021-07-30,금요일,742723.2,659.0,980013.7,464.0,1749363.9,636.0,1414.8,20500.0,63553.2,5817.0,479356.5,777.0,269563.3,1397.0,482224.7,694.0,85792.9,5417.0,19469.8,8476.0,43582.0,2183.0,304295.0,725.0,198537.9,1701.0,145086.0,1501.0,110792.5,1207.0,385327.1,1722.0,37163.7,5777.0,534781.9,1499.0,290483.8,1012.0,131087.0,5194.0,34549.8,14013.0
2021-07-31,토요일,562090.7,802.0,618003.8,496.0,859033.9,611.0,2449.2,18836.0,33707.9,5817.0,414904.3,671.0,219260.5,1662.0,440211.0,760.0,79908.4,5571.0,15139.0,8621.0,42869.1,2290.0,101542.0,694.0,173977.5,1740.0,128056.5,1643.0,99865.5,1245.0,379754.0,1441.0,43464.2,6158.0,552118.4,1614.0,281142.6,880.0,134868.5,4935.0,32643.1,13756.0
2021-08-01,일요일,0.0,0.0,0.0,0.0,0.0,0.0,0.0,0.0,0.0,0.0,0.0,0.0,0.0,0.0,0.0,0.0,0.0,0.0,0.0,0.0,0.0,0.0,0.0,0.0,0.0,0.0,0.0,0.0,0.0,0.0,0.0,0.0,0.0,0.0,0.0,0.0,0.0,0.0,0.0,0.0,0.0,0.0
2021-08-02,월요일,979024.0,770.0,1130223.3,611.0,1496118.4,665.0,2178.0,18855.0,114785.2,6253.0,500433.8,886.0,292018.6,1713.0,683382.0,690.0,115263.4,5326.0,19721.9,8402.0,48850.1,3062.0,423023.5,760.0,229437.7,1764.0,170568.3,1829.0,118404.5,1406.0,576056.0,1341.0,43759.0,5782.0,750270.4,1488.0,394817.8,994.0,155935.0,5168.0,44442.1,14343.0
2021-08-03,화요일,810215.5,907.0,1103820.6,567.0,1589983.6,677.0,2695.4,20078.0,136176.1,6123.0,458368.7,989.0,280478.4,1667.0,585392.9,691.0,84271.9,4918.0,18428.9,7487.0,47664.5,2795.0,331065.0,737.0,143235.8,2108.0,152984.8,1858.0,114781.0,1484.0,406273.6,1246.0,42128.0,5066.0,477936.4,1480.0,280260.1,1132.0,142442.5,5303.0,42681.4,14144.0
2021-08-04,수요일,980140.0,782.0,1158852.3,490.0,1558726.2,771.0,3185.3,20103.0,97168.0,6717.0,440159.0,1260.0,303786.9,1509.0,587910.0,636.0,88233.9,5441.0,17391.9,7896.0,44519.0,3036.0,367395.5,737.0,163140.3,2249.0,150838.8,1937.0,113020.5,1685.0,447903.3,1232.0,40660.0,5120.0,480300.6,1460.0,281692.9,1256.0,143909.5,5351.0,46360.6,14048.0
2021-08-05,목요일,919867.1,824.0,1147489.5,501.0,1980366.3,776.0,3664.8,20894.0,84885.5,6129.0,517983.3,1307.0,280174.4,1924.0,613600.5,687.0,92082.2,6894.0,15186.8,8818.0,49266.7,3599.0,299651.0,768.0,181112.5,2542.0,171703.3,2176.0,122758.0,1750.0,408548.3,1196.0,40245.0,6106.0,459351.9,1712.0,282102.3,1428.0,181971.2,5305.0,52920.0,14571.0
2021-08-06,금요일,1000303.8,846.0,1099330.3,502.0,1605269.1,808.0,6963.6,13405.0,103386.2,6351.0,509771.0,1640.0,277965.0,2338.0,660974.0,757.0,109527.9,9018.0,15582.4,10661.0,53957.0,5629.0,318090.0,782.0,275617.7,1933.0,193818.0,2315.0,139426.5,2255.0,505960.1,1120.0,44154.1,8256.0,536047.1,2030.0,298152.3,1572.0,227789.5,5290.0,62078.5,14398.0
2021-08-07,토요일,170127.7,683.0,96503.8,510.0,153680.0,689.0,3003.0,19840.0,12942.8,5109.0,102099.1,1442.0,40867.5,1231.0,91019.2,540.0,18118.0,6711.0,869.5,6257.0,6242.0,2760.0,11650.0,710.0,9420.9,1778.0,26121.5,2023.0,17975.0,1756.0,136652.0,1083.0,12417.0,6350.0,76824.0,1347.0,56272.8,1284.0,87904.0,4831.0,18371.0,13248.0
2021-08-08,일요일,0.0,0.0,0.0,0.0,0.0,0.0,0.0,0.0,0.0,0.0,0.0,0.0,0.0,0.0,0.0,0.0,0.0,0.0,0.0,0.0,0.0,0.0,0.0,0.0,0.0,0.0,0.0,0.0,0.0,0.0,0.0,0.0,0.0,0.0,0.0,0.0,0.0,0.0,0.0,0.0,0.0,0.0
2021-08-09,월요일,1199937.8,834.0,1449963.3,495.0,2362640.6,816.0,3334.2,19584.0,758459.1,1303.0,639494.9,1414.0,331378.0,2189.0,803622.7,545.0,137073.6,6008.0,14860.2,9856.0,51614.5,4756.0,380087.1,801.0,205550.5,2243.0,196780.9,2215.0,135076.5,2113.0,591914.3,1146.0,47143.5,6982.0,685916.9,1524.0,404111.4,1372.0,303091.0,4848.0,76142.0,13697.0
2021-08-10,화요일,902061.8,799.0,1035649.6,534.0,1843591.8,771.0,6102.2,17910.0,104674.7,5913.0,601326.9,1252.0,283988.5,1756.0,631924.0,454.0,94869.2,4953.0,13640.9,9731.0,47015.2,3876.0,373253.0,796.0,168273.9,2497.0,165677.5,2031.0,122971.5,1701.0,425745.8,1173.0,39725.0,5790.0,415134.5,1707.0,263687.4,1523.0,243661.6,4627.0,70537.3,13073.0
2021-08-11,수요일,1135076.0,644.0,1370981.2,448.0,1947834.2,780.0,5009.4,19784.0,678265.9,1102.0,563660.7,1119.0,304388.5,1689.0,625124.1,402.0,84488.9,5379.0,10375.9,10495.0,43491.6,3366.0,329595.5,827.0,207300.2,2380.0,148708.8,2109.0,128535.5,1552.0,409856.3,1290.0,37141.5,6117.0,364391.0,2193.0,237152.5,1878.0,231582.8,4594.0,59084.6,13125.0
2021-08-12,목요일,1222935.6,545.0,1214548.9,412.0,1726482.5,738.0,4837.2,19547.0,60137.3,6100.0,544237.8,1119.0,274046.0,1624.0,629838.7,467.0,78411.4,5896.0,11078.7,10132.0,39475.4,4710.0,321790.0,773.0,177458.1,2407.0,135698.6,2181.0,113050.1,1449.0,385322.1,1396.0,32548.8,7604.0,357842.8,2395.0,236647.2,2125.0,260022.0,4391.0,65014.7,12622.0
2021-08-13,금요일,622103.2,683.0,773750.0,391.0,1250680.3,747.0,4856.2,18922.0,41080.9,5991.0,387714.7,1015.0,196081.5,2058.0,296539.5,413.0,64743.2,7233.0,11199.1,9515.0,35685.3,3477.0,289988.0,878.0,205314.2,2359.0,113961.5,2353.0,88114.7,1482.0,291568.5,1428.0,28365.0,7760.0,353950.9,2472.0,240970.0,1981.0,237668.0,4444.0,50988.1,12436.0
2021-08-14,토요일,823468.8,708.0,697208.3,423.0,1163489.8,746.0,4851.0,19087.0,55264.3,6076.0,544243.2,1000.0,242404.5,2036.0,579040.5,401.0,93158.7,7887.0,9135.2,11696.0,46793.8,3908.0,164210.0,690.0,144875.9,2638.0,154594.5,2590.0,113153.6,1618.0,458696.0,1388.0,43388.3,7776.0,427341.2,2200.0,310092.8,1491.0,322671.0,4453.0,68630.5,12237.0
2021-08-15,일요일,0.0,0.0,0.0,0.0,0.0,0.0,0.0,0.0,0.0,0.0,0.0,0.0,0.0,0.0,0.0,0.0,0.0,0.0,0.0,0.0,0.0,0.0,0.0,0.0,0.0,0.0,0.0,0.0,0.0,0.0,0.0,0.0,0.0,0.0,0.0,0.0,0.0,0.0,0.0,0.0,0.0,0.0
2021-08-16,월요일,1135735.3,709.0,1216267.4,410.0,1688266.2,764.0,5962.0,19280.0,70229.1,5920.0,625508.5,909.0,300892.9,2009.0,647927.6,469.0,119389.6,6612.0,11765.4,11673.0,50216.5,4162.0,311880.5,931.0,168956.4,2936.0,178895.8,2784.0,123474.0,1949.0,461480.0,1512.0,45270.5,6968.0,508195.2,2326.0,381488.9,1422.0,421772.4,4336.0,83130.3,12549.0
2021-08-17,화요일,1334857.7,575.0,1347313.5,367.0,1693052.5,800.0,6244.2,18450.0,87810.8,6462.0,621456.2,853.0,309105.5,1674.0,661548.4,424.0,85009.1,6648.0,11608.5,12516.0,42468.0,4141.0,337233.0,894.0,131404.5,3179.0,157840.6,2639.0,113363.5,1885.0,352625.7,1571.0,40307.0,5762.0,335358.8,2656.0,270694.9,1527.0,424606.6,4055.0,74627.6,12512.0
2021-08-18,수요일,989007.8,750.0,1089170.1,412.0,1522509.2,795.0,6194.6,18907.0,110320.8,5850.0,542799.7,885.0,258958.5,1737.0,569316.0,492.0,80343.8,7284.0,12891.9,12545.0,39793.5,4020.0,379192.0,894.0,132922.5,3280.0,144528.5,2599.0,117100.6,1838.0,331082.6,1732.0,37890.8,6098.0,336350.2,2526.0,275371.0,1571.0,406075.2,4026.0,77788.8,12617.0
2021-08-19,목요일,993076.5,626.0,946342.5,474.0,1730850.5,827.0,7359.3,18764.0,107468.9,6682.0,501428.2,899.0,281262.1,1812.0,573403.2,415.0,73239.8,7490.0,12452.6,10283.0,37837.4,3725.0,307504.0,909.0,94969.8,4081.0,134746.5,2715.0,123061.2,1872.0,296266.2,1871.0,36122.5,6997.0,321003.2,2398.0,250118.5,1690.0,395434.9,3750.0,88847.0,12227.0
2021-08-20,금요일,1159824.2,578.0,1042244.6,458.0,1551516.8,774.0,7818.5,18152.0,84496.1,6233.0,483950.7,996.0,297569.5,1621.0,546126.0,531.0,77281.1,7822.0,15949.1,8116.0,34393.4,4557.0,338347.0,972.0,120483.5,4334.0,154223.4,3029.0,120896.9,1981.0,283664.5,2058.0,36079.0,6769.0,351506.5,2318.0,274419.3,1866.0,424203.7,3671.0,91037.4,11985.0
2021-08-21,토요일,977115.9,611.0,928502.8,451.0,1176762.2,780.0,5091.1,17569.0,59808.3,6122.0,451902.4,1131.0,254221.9,1372.0,532432.0,537.0,70446.6,8210.0,13990.1,8128.0,31945.4,5644.0,123111.0,885.0,84002.1,4888.0,145315.5,2851.0,112540.2,1944.0,259870.0,1974.0,32672.0,7257.0,354724.8,2229.0,255663.2,1950.0,398782.2,3518.0,82161.8,11519.0
2021-08-22,일요일,0.0,0.0,0.0,0.0,0.0,0.0,0.0,0.0,0.0,0.0,0.0,0.0,0.0,0.0,0.0,0.0,0.0,0.0,0.0,0.0,0.0,0.0,0.0,0.0,0.0,0.0,0.0,0.0,0.0,0.0,0.0,0.0,0.0,0.0,0.0,0.0,0.0,0.0,0.0,0.0,0.0,0.0
2021-08-23,월요일,130467.4,644.0,141745.0,501.0,213791.4,756.0,980.6,17800.0,10242.0,4511.0,40419.0,1292.0,18698.5,1413.0,63074.0,503.0,10673.7,8557.0,1144.0,9777.0,1800.5,6353.0,42860.0,930.0,7935.0,5074.0,23162.5,2810.0,14965.0,1906.0,48560.0,2009.0,5998.0,6841.0,56961.0,2142.0,53674.0,1782.0,95703.0,3506.0,19483.2,11100.0
